Nr;Addresse;Gebaeudebezeichnung;Plz;Nettoflaeche;Denkmal;Prio;Einsparen;Kosten
30461002;Alt-Moabit 12a;Haus 02;10559;20857;ja ;1;20-30%;4969183
30461003;Alt-Moabit 12a;Haus 03;10559;10995;nein ;2;40-50%;5093146
30461001;Alt-Moabit 12a;Haus 01;10559;4913;nein ;3;50-60%;3526947
30461004;Alt-Moabit 12a;Haus 04;10559;5546;ja ;4;10-20%;1119666
30461005;Alt-Moabit 12a;Haus 05;10559;2905;ja ;5;20-30%;1172983
30463001;Pfalzburger Str. 22,23;Haus 01;10719;8854;nein ;6;> 60%;5651646
30510001;Kniprodestr. 31;Haus 03;10407;8040;nein ;7;40-50%;4731920
30461015;Alt-Moabit 12a;Haus 15;10559;429;nein ;8;> 60%;1083676
30461006;Alt-Moabit 12a;Haus 06;10559;2139;nein ;9;> 60%;1184980
30461007;Alt-Moabit 12a;Haus 07;10559;1596;nein ;10;40-50%;901064
30464001;Pfalzburger Str. 30;Haus 01;10719;5349;nein ;11;> 60%;3410982
30461009;Alt-Moabit 12a;Haus 09;10559;2167;ja ;12;50-60%;869074
30462025;Seidelstr. 39;18.1-4;13507;12110;ja ;13;40-50%;6438078
30462030;Seidelstr. 39;21.1-2;13507;5805;nein ;14;> 60%;3569601
30464003;Pfalzburger Str. 30;Haus 03;10719;1917;nein ;15;30-40%;1390252
30462026;Seidelstr. 39;19;13507;2320;ja ;16;50-60%;1330269
30462032;Seidelstr. 39;23;13507;1558;nein ;17;> 60%;729116
30462037;Seidelstr. 39;26;13507;561;ja ;18;20-30%;155953
30462013;Seidelstr. 39;04.6-8;13507;2252;nein ;19;40-50%;2112703
30462015;Seidelstr. 39;06.1-3;13507;6834;nein ;20;30-40%;4008137
30462011;Seidelstr. 39;04.1-4;13507;7765;nein ;21;40-50%;5381060
30472009;Fröbelstr. 17;Heizhaus ;10405;533;ja ;22;40-50%;215936
30462014;Seidelstr. 39;05.1-3;13507;6404;nein ;23;30-40%;4571968
30462012;Seidelstr. 39;04.5,9;13507;643;nein ;24;40-50%;919725
30462020;Seidelstr. 39;14.0-1;13507;1681;ja ;25;40-50%;1207639
30462004;Seidelstr. 39;2.6;13507;1327;ja ;26;20-30%;307908
30462006;Seidelstr. 39;3.6;13507;2770;ja ;27;30-40%;1415577
30462018;Seidelstr. 39;12.1-3;13507;2704;ja ;28;40-50%;1603521
30462001;Seidelstr. 39;00.1-4;13507;1421;ja ;29;40-50%;555834
30459001;Niedstr. 1,2;Haus 01;12159;12897;ja ;30;20-30%;3037760
30472007;Fröbelstr. 17;Haus 08;10405;342;ja ;31;40-50%;193276
30462090;Seidelstr. 39;33-34.0;13507;1476;ja ;32;30-40%;619815
30466001;Munsterdamm 90;Haus 01;12169;2283;ja ;33;> 60%;1648841
30462022;Seidelstr. 39;15.4-5;13507;1264;ja ;34;30-40%;862409
30462024;Seidelstr. 39;16;13507;899;ja ;35;30-40%;245260
30462021;Seidelstr. 39;15.1-3,15.7,15.9;13507;2569;ja ;36;20-30%;2050055
30462005;Seidelstr. 39;03.1-5;13507;6898;ja ;37;20-30%;4305381
30462003;Seidelstr. 39;02.1-5;13507;7419;ja ;38;20-30%;4525315
30462094;Seidelstr. 39;40-41.0;13507;1220;ja ;39;30-40%;510514
30462028;Seidelstr. 39;20;13507;1775;ja ;40;30-40%;1022361
30462092;Seidelstr. 39;37;13507;888;ja ;41;30-40%;369223
30462039;Seidelstr. 39;28;13507;877;nein ;42;50-60%;702457
30462019;Seidelstr. 39;13;13507;1090;ja ;43;30-40%;807759
30462093;Seidelstr. 39;38;13507;787;ja ;44;30-40%;337233
30466002;Munsterdamm 90;Haus 02;12169;591;ja ;45;> 60%;542505
30039006;Fehrbelliner Platz;Haus 06;10707;37001;ja ;46;30-40%;11608534
30462098;Seidelstr. 39;44;13507;1210;ja ;47;30-40%;461196
30472005;Fröbelstr. 17;Haus 06;10405;11467;ja ;48;40-50%;4467999
30462016;Seidelstr. 39;11.0-1;13507;1279;ja ;49;20-30%;643808
30462097;Seidelstr. 39;43;13507;880;ja ;50;30-40%;365224
30462096;Seidelstr. 39;42;13507;866;ja ;51;30-40%;361225
30472006;Fröbelstr. 17;Haus 07;10405;3561;ja ;52;30-40%;1458231
30472002;Fröbelstr. 17;Haus 03;10405;5086;ja ;53;30-40%;2000736
30472001;Fröbelstr. 17;Haus 02;10405;5561;ja ;54;30-40%;2143360
30462033;Seidelstr. 39;24;13507;267;ja ;55;50-60%;117298
30465001;Luxemburger Str. 20;Haus 01;13353;3986;ja ;56;20-30%;1668835
30462023;Seidelstr. 39;15.6 und 15.8;13507;296;ja ;57;20-30%;337233
30472008;Fröbelstr. 17;Haus 09;10405;2920;ja ;58;30-40%;1348931
30472004;Fröbelstr. 17;Haus 05;10405;3601;ja ;59;30-40%;1515547
30452001;Levetzowstr. 3,5;Haus 01;10555;8337;ja ;60;50-60%;4290719
30337001;Alte Jakobstr. 128;Berlinische Galerie ;10969;12227;nein ;61;40-50%;9342544
30462036;Seidelstr. 39;25;13507;341;ja ;62;20-30%;359893
30467001;Zum Heckeshorn 30;Haus A ;14109;8968;nein ;63;30-40%;4506654
30470004;Eschenallee 3;Haus 03;14050;11359;nein ;64;20-30%;4077449
30469003;Kladower Damm 333;Bürohaus ;14089;572;nein ;65;> 60%;395882
30469001;Kladower Damm 333;Bettenhaus ;14089;614;nein ;66;50-60%;457197
30469002;Kladower Damm 333;Haupthaus ;14089;1149;nein ;67;40-50%;681130
30462027;Seidelstr. 39;19.1;13507;251;ja ;68;50-60%;263921
30467002;Zum Heckeshorn 30;Haus B ;14109;1069;nein ;69;40-50%;763772
30470003;Eschenallee 3;Haus 02;14050;2528;ja ;70;20-30%;914394
30372001;Am Köllnischen Park 4;Haus 01;10179;5280;ja ;71;30-40%;2713856
30341002;Gendarmenmarkt 3-4;Funktionsgebäude ;10117;21854;ja ;72;30-40%;11076693
30470002;Eschenallee 3;Haus 01a;14050;361;ja ;73;40-50%;170616
30470007;Eschenallee 3;Haus 06;14050;1208;nein ;74;20-30%;437203
30472014;Fröbelstr. 17;Lager ;10405;621;ja ;75;40-50%;234597
30470006;Eschenallee 3;Haus 05;14050;485;nein ;76;20-30%;175947
30472013;Fröbelstr. 17;Turnhalle ;10405;584;ja ;77;50-60%;262588
30470001;Eschenallee 3;Haus 01;14050;2479;ja ;78;10-20%;501184
30470005;Eschenallee 3;Haus 04;14050;650;nein ;79;> 60%;619815
30442001;Blücherplatz 1;Haus 01;10961;8587;ja ;80;50-60%;6551377
30359002;Herbert-von-Karajan-Str. 1;Haus 02;10785;21794;ja ;81;> 60%;12477608
30417004;Gierkeplatz 1,3;Haus 04;10585;581;ja ;82;30-40%;243927
30127001;Hermann-Hesse-Str. 34,36;Haus 01;13156;2533;nein ;83;> 60%;1299612
30375001;Nikolaikirchplatz 1;Haus 01;10178;4203;ja ;84;10-20%;783766
30351005;Friedrich-Olbricht-Damm 40;Zellengebäude 8;13627;5686;ja ;85;30-40%;2098040
30335002;Möckernstr. 26;Ladestraße ;10963;12104;ja ;86;40-50%;6567372
30007001;Alt-Friedrichsfelde 60;Haus 01;10315;25900;nein ;87;30-40%;20020689
30344002;Trebbiner Str. 8-9;Neubau ;10963;28363;nein ;88;20-30%;13398666
30344003;Trebbiner Str. 8-9;Lokschuppen ;10963;8703;ja ;89;50-60%;5631652
30348001;Saatwinkler Damm 1A;Neubau ;13627;6751;ja ;90;20-30%;1648841
30334001;Hinter dem Gießhaus 2;Probebühne + Verwaltung ;10117;2483;ja ;91;30-40%;1424908
30341001;Gendarmenmarkt 3-4;Konzerthaus ;10117;15205;ja ;92;30-40%;7672376
30119001;Bismarckstr. 20;Haus 01;10625;12639;nein ;93;50-60%;7524420
30409001;Wrangelstr. 98;Haus 01;10997;14493;nein ;94;40-50%;8249537
30367001;Klosterstr. 68;Haus 01;10179;5614;ja ;95;40-50%;3465632
30343001;Prenzlauer Allee 80;ZGP ;10405;6724;nein ;96;20-30%;3626917
30344005;Trebbiner Str. 8-9;Brauerei ;10963;505;ja ;97;30-40%;170616
30344001;Trebbiner Str. 8-9;Altbau ;10963;9163;ja ;98;20-30%;4842554
30359001;Herbert-von-Karajan-Str. 1;Haus 01;10785;23243;ja ;99;20-30%;9781079
30127002;Hermann-Hesse-Str. 34,36;Haus 02;13156;290;nein ;100;> 60%;431871
30139001;Prinzregentenstr. 60;Haus 01;10715;12626;nein ;101;> 60%;5234437
30371001;Am Köllnischen Park 5;Haus 01;10179;9419;ja ;102;40-50%;5078484
30351001;Friedrich-Olbricht-Damm 40;Zellengebäude 1-2;13627;4338;nein ;103;40-50%;3457634
30434001;Kurfürstendamm 153;Haus 01;10709;12471;ja ;104;40-50%;8014940
30122001;Dudenstr. 35-37;Haus 01;10965;11567;nein ;105;40-50%;7281826
30439001;Thulestr. 77-79;Haus 01;13189;2954;nein ;106;> 60%;1611519
30440001;Wrangelstr. 2;Haus 01;12165;3041;ja ;107;50-60%;1647508
30367002;Klosterstr. 68;Haus 02;10179;2384;nein ;108;50-60%;814423
30345001;Invalidenstr. 60;Haus 01;10557;15524;nein ;109;40-50%;8034934
30398001;Hartmannsweilerweg 29;Haus 01;14163;10782;nein ;110;40-50%;6031532
30131001;Lippstädter Str. 9-11;Haus 01;12207;14230;nein ;111;20-30%;3035094
30349002;Friedrich-Olbricht-Damm 16;Haus 01;13627;5659;ja ;112;30-40%;2024729
30443001;Am Sandwerder 5;Haus 01;14109;2149;ja ;113;40-50%;1246295
30120001;Bochumer Str. 8;Haus 01;10555;16728;ja ;114;20-30%;3970814
30126001;Haarlemer Str. 27;Haus 01;12359;18704;nein ;115;30-40%;11359275
30366001;Schloßstr. 1 A;Haus 01;14059;4655;ja ;116;30-40%;1698160
30437004;Schumannstr. 11-14 A;Haus 04;10117;7689;ja ;117;20-30%;5297085
30425001;Wollenbergerstr. 1;Haus 01;13053;1391;nein ;118;30-40%;1520879
30128002;Immenweg 6-10;Haus 02;12169;8731;nein ;119;30-40%;6627354
30351002;Friedrich-Olbricht-Damm 40;Zellengebäude 3;13627;2178;nein ;120;40-50%;1762141
30358007;Königin-Luise-Str. 49;Haus 07;14195;1966;ja ;121;50-60%;713120
30338002;Albrechtstr. 20;Alte Probebühne ;10117;1552;ja ;122;30-40%;322570
30196007;Gallwitzallee 87,95;Haus 07;12249;8496;nein ;123;> 60%;3701561
30403001;Leinestr. 37-45;Haus 01;12049;8529;ja ;124;40-50%;2092708
30351006;Friedrich-Olbricht-Damm 40;Verwaltungsgebäude ;13627;16988;nein ;125;50-60%;11078026
30082001;Elßholzstr. 30-33;Haus 01;10781;29374;ja ;126;20-30%;7067223
30350005;Friedrich-Olbricht-Damm 17;Haus 05;13627;4087;nein ;127;30-40%;1944753
30196028;Gallwitzallee 87,95;Haus 24;12249;9996;nein ;128;> 60%;4404018
30374001;Colomierstr. 3;Haus 01;14109;885;ja ;129;40-50%;333234
30194015;Charlottenburger Chaussee 67,75;Haus 14;13597;4539;nein ;130;50-60%;2086044
30427001;Alt-Moabit 10;Haus 01;10557;15095;nein ;131;50-60%;8624092
30140002;Steinmetzstr. 79;Haus 02;10783;612;ja ;132;20-30%;210604
30400001;Birkenstr. 11;Haus 01;12559;9336;nein ;133;> 60%;5274425
30361001;Käuzchensteig 8-12;Haus 01;14195;2008;ja ;134;40-50%;647807
30128001;Immenweg 6-10;Haus 01;12169;16934;nein ;135;20-30%;11685844
30437001;Schumannstr. 11-14 A;Haus 01;10117;9091;ja ;136;50-60%;5935561
30080001;Amtsgerichtsplatz 1;Haus 01;14057;15561;ja ;137;20-30%;6008872
30204002;Königstr. 5;Haus B ;14163;4735;nein ;138;> 60%;3368328
30352001;Kirchhainer Damm 64 - 66;Zellengebäude ;12309;5692;nein ;139;20-30%;4803899
30416001;Danckelmannstr. 25-28;Haus 01;14059;4631;ja ;140;30-40%;1906098
30196030;Gallwitzallee 87,95;Haus 26;12249;6577;nein ;141;> 60%;3161723
30351004;Friedrich-Olbricht-Damm 40;Zellengebäude 6;13627;2176;nein ;142;20-30%;1063682
30416002;Danckelmannstr. 25-28;Haus 02;14059;5591;nein ;143;20-30%;2517915
30202001;Keithstr. 28;Haus 01;10787;12441;ja ;144;40-50%;6083517
30449001;Dorfstr. 3;Haus 01;25599;466;ja ;145;30-40%;161285
30126007;Haarlemer Str. 27;Haus 07;12359;392;nein ;146;50-60%;266587
30414003;Gustav-Adolf-Str. 66;Haus 01;13086;11889;nein ;147;10-20%;3450970
30195006;Friesenstr. 16;Haus 04;10965;8667;ja ;148;30-40%;3147060
30351003;Friedrich-Olbricht-Damm 40;Zellengebäude 4-5;13627;4337;nein ;149;20-30%;2780503
30350001;Friedrich-Olbricht-Damm 17;Haus 01;13627;3737;nein ;150;30-40%;2645877
30350002;Friedrich-Olbricht-Damm 17;Haus 02;13627;3346;nein ;151;30-40%;2194012
30350004;Friedrich-Olbricht-Damm 17;Haus 04;13627;3396;nein ;152;30-40%;2295315
30444001;Am Großen Wannsee 56,58;Haus 01;14109;1824;ja ;153;40-50%;1130329
30119002;Bismarckstr. 20;Haus 02;10625;1624;nein ;154;30-40%;879737
30104001;Schönstedtstr. 5;Haus 01;13357;12052;nein ;155;50-60%;5799602
30118003;Am Fort 48 D;Haus 03;13591;719;nein ;156;> 60%;381220
30134001;Oschatzer Ring 13;Haus 01;12627;411;nein ;157;10-20%;98637
30448001;Parkaue 23-29;Haus 01;10367;12746;ja ;158;40-50%;4530647
30355002;Wallstr. 32;Haus B ;10179;3552;nein ;159;50-60%;2639212
30356001;Müllerstr. 147;Haus 01;13353;7384;ja ;160;10-20%;1519546
30358001;Königin-Luise-Str. 49;Haus 01;14195;1363;ja ;161;40-50%;1037024
30417001;Gierkeplatz 1,3;Haus 01;10585;7453;nein ;162;50-60%;5067820
30216046;Ruppiner Chaussee 240,268;Haus 17;13503;6977;ja ;163;> 60%;2210007
30257001;Kruppstr. 15;Haus 01;10557;4549;ja ;164;30-40%;2055386
30194001;Charlottenburger Chaussee 67,75;Haus 01;13597;5044;nein ;165;50-60%;3449637
30194002;Charlottenburger Chaussee 67,75;Haus 02;13597;5046;nein ;166;50-60%;3477628
30195027;Friesenstr. 16;Haus 19 - 19d, 22 - 24;10965;6977;ja ;167;50-60%;2673868
30123001;Erbeskopfweg 6-10;Haus 01;13158;3121;nein ;168;40-50%;2154023
30390001;Hallesches Ufer 32-38;Haus 01;10963;2982;nein ;169;> 60%;1720820
30118001;Am Fort 48 D;Haus 01;13591;765;nein ;170;> 60%;391883
30216034;Ruppiner Chaussee 240,268;Haus 04;13503;5486;ja ;171;50-60%;2040724
30195010;Friesenstr. 16;Haus 05;10965;2219;ja ;172;50-60%;862409
30185001;Am Nordgraben 6,7,8;Haus 01;13437;4743;nein ;173;50-60%;3153725
30091001;Lehrter Str. 60;Haus 01;10557;2506;ja ;174;30-40%;1006366
30395001;Osloer Str. 23-26;Haus 01;13359;4806;nein ;175;30-40%;1991405
30121003;Cyclopstr. 1-7;Haus 03;13469;705;nein ;176;30-40%;627813
30130001;Kochstr. 9;Haus 01;10969;8307;nein ;177;> 60%;4485327
30216035;Ruppiner Chaussee 240,268;Haus 05;13503;5452;ja ;178;50-60%;2044723
30405004;Goldbeckweg 8-14;Haus 04;13599;1395;nein ;179;30-40%;1674167
30118002;Am Fort 48 D;Haus 02;13591;727;nein ;180;> 60%;377221
30404002;Rudower Str. 184;Haus 02;12351;946;nein ;181;40-50%;449199
30412004;Driesener Str. 22;Haus 04;10439;1184;ja ;182;30-40%;491853
30002001;Klosterstr. 59;Haus 01;10179;26229;ja ;183;20-30%;9077290
30210001;Pankstr. 28;Haus 01/01a;13357;6431;nein ;184;50-60%;3115070
30381001;Alfredstr. 11;Haus 01;10365;4156;ja ;185;20-30%;1619516
30357001;Parochialstr. 1-3;Haus 01;10179;8399;ja ;186;10-20%;1678166
30379003;Ollenhauerstr. 128;Haus 03;13403;252;nein ;187;> 60%;297245
30196001;Gallwitzallee 87,95;Haus 01;12249;1462;nein ;188;> 60%;1065015
30409002;Wrangelstr. 98;Haus 02;10997;5893;nein ;189;30-40%;5117139
30205011;Kruppstr. 2-4;Haus 10;10557;8465;nein ;190;50-60%;4677270
30433001;Kantstr. 11-12;Haus 01;10623;10274;ja ;191;50-60%;4214742
30358010;Königin-Luise-Str. 49;Haus 10;14195;372;ja ;192;50-60%;386551
30216032;Ruppiner Chaussee 240,268;Haus 02;13503;2759;ja ;193;50-60%;1017030
30351016;Friedrich-Olbricht-Damm 40;Haus 09;13627;3165;ja ;194;30-40%;903730
30075011;Turmstr. 21;Haus M ;10559;22982;ja ;195;30-40%;5652979
30373001;Kantstr. 12 A;Haus 01;10623;3682;ja ;196;40-50%;1074346
30210003;Pankstr. 28;Haus 02;13357;4548;nein ;197;50-60%;2103372
30216033;Ruppiner Chaussee 240,268;Haus 03;13503;5805;ja ;198;40-50%;2343300
30075006;Turmstr. 21;Haus G ;10559;2421;ja ;199;20-30%;491853
30379004;Ollenhauerstr. 128;Haus 04;13403;534;nein ;200;> 60%;469193
30085002;Invalidenstr. 52;Haus 02;10557;7196;nein ;201;50-60%;3602924
30052001;Mohriner Allee 137;Haus 01;12347;2979;nein ;202;40-50%;2371292
30216039;Ruppiner Chaussee 240,268;Haus 09;13503;3208;ja ;203;40-50%;1152989
30348002;Saatwinkler Damm 1A;Altbau ;13627;3339;ja ;204;20-30%;1359594
30195001;Friesenstr. 16;Haus 01;10965;3818;ja ;205;40-50%;1534209
30445004;Breite Str. 30-37;Haus 04;10178;3994;ja ;206;40-50%;1878106
30369001;Poststr. 16;Haus 01;10178;3461;ja ;207;40-50%;1102338
30085001;Invalidenstr. 52;Haus 01;10557;5505;ja ;208;20-30%;1795464
30222001;Alemannenstr. 10;Haus A ;14129;1774;ja ;209;30-40%;703790
30216040;Ruppiner Chaussee 240,268;Haus 10;13503;3015;ja ;210;50-60%;1474226
30194006;Charlottenburger Chaussee 67,75;Haus 06;13597;1781;nein ;211;50-60%;827753
30129002;Klixstr. 6-7;Haus 02;10823;1260;nein ;212;30-40%;1243629
30216038;Ruppiner Chaussee 240,268;Haus 08;13503;3300;ja ;213;40-50%;1167651
30402009;Dammweg 216;Haus 11;12057;294;nein ;214;40-50%;226599
30220005;Wedekindstr. 10;Haus 05;10243;3108;ja ;215;40-50%;1250293
30195043;Friesenstr. 16;Haus 33;10965;4103;ja ;216;20-30%;1511549
30196029;Gallwitzallee 87,95;Haus 25;12249;1194;nein ;217;> 60%;621148
30196027;Gallwitzallee 87,95;Haus 23;12249;6242;nein ;218;20-30%;3880175
30400002;Birkenstr. 11;Haus 02;12559;2056;nein ;219;20-30%;2537909
30363001;Bussardsteig 9;Haus 01;14195;1088;ja ;220;50-60%;906396
30431001;Bismarckstr. 110;Haus 01;10625;18256;ja ;221;50-60%;11713836
30355003;Wallstr. 32;Haus A ;10179;3756;nein ;222;20-30%;1616851
30075008;Turmstr. 21;Haus J ;10559;1430;ja ;223;40-50%;474525
30126002;Haarlemer Str. 27;Haus 02;12359;5159;nein ;224;20-30%;3870844
30416003;Danckelmannstr. 25-28;Haus 03;14059;441;nein ;225;40-50%;677131
30196014;Gallwitzallee 87,95;Haus 11a;12249;1185;nein ;226;> 60%;746444
30395009;Osloer Str. 23-26;Haus 09;13359;634;nein ;227;20-30%;226599
30207001;Magazinstr. 5;Haus 01;10179;8060;ja ;228;10-20%;1887436
30194007;Charlottenburger Chaussee 67,75;Haus 07;13597;2232;nein ;229;50-60%;1089008
30426006;Scharfenberg (Insel);Haus 06;13505;1152;ja ;230;50-60%;519845
30436001;Linienstr. 227;Haus 01;10178;16813;ja ;231;50-60%;7539082
30136001;Peter-Weiss-Gasse 8;Haus 01;12627;9444;nein ;232;20-30%;8168228
30071001;Tempelhofer Damm 234;Haus 01;12099;5341;nein ;233;40-50%;1762141
30395006;Osloer Str. 23-26;Haus 06;13359;1052;nein ;234;> 60%;550502
30446001;Friedrichstr. 107;Haus 01;10117;30310;ja ;235;20-30%;18650431
30122003;Dudenstr. 35-37;Haus 03;10965;932;nein ;236;30-40%;1363593
30048001;Magdalenenstr. 25;Haus 01;10365;20634;ja ;237;30-40%;10223614
30140001;Steinmetzstr. 79;Haus 01;10783;6644;ja ;238;30-40%;2447269
30210006;Pankstr. 28;Haus 05/05a;13357;2920;nein ;239;50-60%;1346265
30195002;Friesenstr. 16;Haus 02;10965;8480;ja ;240;30-40%;3077748
30407002;Lobeckstr. 76;Haus 02;10969;779;nein ;241;40-50%;322570
30133004;Nonnendammallee 140-143;Haus 04;13599;425;nein ;242;30-40%;667801
30186014;Augustaplatz 7;Haus 14;12203;6491;ja ;243;30-40%;2252661
30186001;Augustaplatz 7;Haus 11;12203;6404;ja ;244;30-40%;2256660
30056001;Potsdamer Str. 61-65;Haus 01;10785;7272;nein ;245;40-50%;4194747
30407001;Lobeckstr. 76;Haus 01;10969;6130;nein ;246;> 60%;3953486
30108001;Turmstr. 91;Haus 01 (A);10559;57125;ja ;247;30-40%;21990767
30429001;Kühleweinstr. 5;Haus 01;13409;26781;nein ;248;40-50%;15679318
30195042;Friesenstr. 16;Haus 32;10965;4466;ja ;249;30-40%;1802129
30355001;Wallstr. 32;Haus C ;10179;3422;nein ;250;50-60%;2583229
30407004;Lobeckstr. 76;Haus 04;10969;4238;nein ;251;50-60%;1815458
30036001;Buschkrugallee 95;Haus 01;12359;5170;nein ;252;40-50%;1900766
30206001;Lichtenrader Damm 211;Haus 01;12305;3251;nein ;253;30-40%;1296946
30210004;Pankstr. 28;Haus 03;13357;3262;nein ;254;30-40%;2178016
30203002;Koenigsallee 75;Haus 02;14193;843;nein ;255;> 60%;542505
30186002;Augustaplatz 7;Haus 12;12203;1477;ja ;256;30-40%;621148
30336001;Alt-Treptow 1;Sternwarte ;12435;4008;ja ;257;50-60%;2271322
30426001;Scharfenberg (Insel);Haus 01;13505;1607;ja ;258;20-30%;339899
30428001;Schwyzer Str. 6-8;Haus 01;13349;20450;nein ;259;40-50%;11040703
30204001;Königstr. 5;Haus A ;14163;4089;nein ;260;50-60%;2811161
30205006;Kruppstr. 2-4;Haus 06;10557;6285;nein ;261;10-20%;1172983
30133001;Nonnendammallee 140-143;Haus 01;13599;12201;nein ;262;20-30%;5423714
30394001;Pappelallee 30-31;Haus 04;10437;4326;nein ;263;> 60%;2198010
30222003;Alemannenstr. 10;Haus C ;14129;739;ja ;264;30-40%;319904
30287001;Zwickauer Damm 58;Haus 01/ 02;12353;3257;nein ;265;40-50%;2663205
30184001;Alt-Moabit 145;Haus 01;10557;4987;nein ;266;20-30%;2475261
30198001;Götzstr. 6;Haus 01;12099;3486;nein ;267;50-60%;2413946
30362001;Klingelhöferstr. 14;Haus 01;10785;3379;ja ;268;30-40%;1090341
30039002;Fehrbelliner Platz;Haus 02;10707;10799;ja ;269;30-40%;4013468
30276003;Sewanstr. 262;Haus 01;10319;2686;nein ;270;50-60%;1787466
30007007;Alt-Friedrichsfelde 60;Haus 06b;10315;10597;nein ;271;20-30%;6018203
30335001;Möckernstr. 26;Spektrum ;10963;2717;ja ;272;40-50%;1025027
30200003;Hauptstr. 45;Haus 03;10827;277;ja ;273;20-30%;90640
30222002;Alemannenstr. 10;Haus B ;14129;1186;ja ;274;30-40%;490520
30055001;Osloer Str. 37;Haus 01;13359;9605;nein ;275;50-60%;6002208
30195018;Friesenstr. 16;Haus 10;10965;12261;ja ;276;20-30%;4603959
30215002;Rudolstädter Str. 79,85;Haus 02;10713;4221;nein ;277;50-60%;2377957
30196017;Gallwitzallee 87,95;Haus 17 + Kantine;12249;3768;nein ;278;50-60%;1926092
30168005;Nikolaus-Groß-Weg 2;Haus 05;13627;832;nein ;279;> 60%;1355595
30188001;Bayernring 44;Haus 01;12101;5561;nein ;280;50-60%;3645578
30379005;Ollenhauerstr. 128;Haus 05;13403;284;nein ;281;> 60%;318572
30416005;Danckelmannstr. 25-28;Haus 06;14059;3999;nein ;282;20-30%;2004735
30340001;Fasanenstr. 23;Literaturhaus ;10719;1323;ja ;283;20-30%;713120
30410001;Buschallee 23a;Haus 01;13088;1393;nein ;284;> 60%;670466
30075015;Turmstr. 21;Haus P ;10559;593;ja ;285;40-50%;425206
30423002;Fritz-Lesch-Str. 35;Haus 02;13053;1968;nein ;286;40-50%;1672834
30196018;Gallwitzallee 87,95;Haus 15;12249;582;nein ;287;> 60%;461196
30380002;Arkonastr. 56;Bauteil 2;13189;3349;nein ;288;50-60%;1839451
30195041;Friesenstr. 16;Haus 31;10965;4233;ja ;289;40-50%;1756809
30137002;Prinzregentenstr. 32,35;Haus 01;10715;2926;nein ;290;20-30%;3740217
30423001;Fritz-Lesch-Str. 35;Haus 02;13053;6697;nein ;291;50-60%;5422381
30081001;Brunnenplatz 1;Haus 01;13357;12585;ja ;292;20-30%;4490659
30438001;Stresemannstr. 29-31;Haus 01;10963;4587;ja ;293;30-40%;2222003
30129001;Klixstr. 6-7;Haus 01;10823;6372;nein ;294;50-60%;4513319
30426004;Scharfenberg (Insel);Haus 04;13505;1414;ja ;295;50-60%;730449
30407008;Lobeckstr. 76;Haus 08;10969;1042;nein ;296;50-60%;625147
30131002;Lippstädter Str. 9-11;Haus 02;12207;3198;nein ;297;50-60%;3115070
30338001;Albrechtstr. 20;Neue Probebühne, Verwaltung ;10117;2674;ja ;298;20-30%;1101005
30196011;Gallwitzallee 87,95;Haus 10 + 10a;12249;2570;nein ;299;> 60%;1380921
30133003;Nonnendammallee 140-143;Haus 03;13599;2014;nein ;300;20-30%;2756510
30412002;Driesener Str. 22;Haus 02;10439;3403;ja ;301;30-40%;1380921
30196002;Gallwitzallee 87,95;Haus 02;12249;2269;nein ;302;> 60%;1736815
30412001;Driesener Str. 22;Haus 01;10439;3384;ja ;303;30-40%;1378255
30379001;Ollenhauerstr. 128;Haus 01;13403;1706;nein ;304;50-60%;1167651
30407005;Lobeckstr. 76;Haus 05;10969;2572;ja ;305;50-60%;2004735
30397002;Naglerstr. 1-3;Haus B ;10245;5521;ja ;306;50-60%;2632547
30186003;Augustaplatz 7;Haus 13;12203;932;ja ;307;30-40%;383885
30195049;Friesenstr. 16;Haus 44;10965;2243;ja ;308;40-50%;803760
30252001;Kaiserdamm 1;Haus 01;14057;14036;ja ;309;30-40%;4981179
30205001;Kruppstr. 2-4;Haus 01;10557;6723;ja ;310;30-40%;2455267
30162001;Kirchhofstr. 20;Haus 01;12051;5464;nein ;311;40-50%;3028429
30420003;Darßer Str. 97;Haus 03;13051;5436;nein ;312;20-30%;4489326
30410002;Buschallee 23a;Haus 02;13088;1348;nein ;313;> 60%;667801
30187002;Baumschulenstr. 1;Haus 02;12437;1596;nein ;314;50-60%;1420909
30368001;Chausseestr. 125;Haus 01;10115;1539;ja ;315;40-50%;579827
30220006;Wedekindstr. 10;Haus 06;10243;2371;ja ;316;20-30%;773102
30158001;Heinsestr. 24;Haus 01;13467;2388;ja ;317;30-40%;666468
30448003;Parkaue 23-29;Haus 05;10367;604;nein ;318;> 60%;462529
30217001;Sonnenallee 107;Haus 01;12045;5662;ja ;319;30-40%;2108704
30220001;Wedekindstr. 10;Haus 01;10243;2350;ja ;320;30-40%;693126
30077001;Alt-Moabit 5;Haus 01;10559;2939;nein ;321;> 60%;2194012
30168008;Nikolaus-Groß-Weg 2;Haus 08;13627;4342;nein ;322;> 60%;3151059
30168003;Nikolaus-Groß-Weg 2;Haus 03;13627;6331;nein ;323;> 60%;4374694
30448004;Parkaue 23-29;Haus 06;10367;944;nein ;324;> 60%;638476
30350006;Friedrich-Olbricht-Damm 17;Haus 06;13627;3086;nein ;325;40-50%;2196677
30445007;Breite Str. 30-37;Haus 07;10178;2415;ja ;326;50-60%;1143659
30220002;Wedekindstr. 10;Haus 02;10243;2562;ja ;327;40-50%;1005033
30158002;Heinsestr. 24;Haus 02;13467;424;ja ;328;40-50%;175947
30132001;Loschmidtstr. 19;Haus 01;10587;5525;ja ;329;20-30%;1327604
30205002;Kruppstr. 2-4;Haus 02/02a/03;10557;15455;ja ;330;30-40%;3749547
30124002;Florastr. 13;Haus 02;12163;617;nein ;331;20-30%;466527
30379002;Ollenhauerstr. 128;Haus 02;13403;648;nein ;332;> 60%;589157
30142001;Bernhard-Weiß-Str. 6;Haus 01;10178;57657;ja ;333;10-20%;17654728
30196010;Gallwitzallee 87,95;Haus 09;12249;1051;nein ;334;> 60%;795762
30194013;Charlottenburger Chaussee 67,75;Haus 13a/b;13597;3849;nein ;335;> 60%;1792798
30185003;Am Nordgraben 6,7,8;Haus 02;13437;3340;nein ;336;50-60%;2128698
30205015;Kruppstr. 2-4;Haus 14/14a;10557;1463;nein ;337;> 60%;1208972
30213008;Radelandstr. 21;Haus 07a/b/c;13589;18826;nein ;338;> 60%;8550780
30205008;Kruppstr. 2-4;Haus 08/09/09a;10557;5348;ja ;339;50-60%;3163056
30170001;Rankestr. 10-12;Haus 01;10789;3940;nein ;340;50-60%;1718154
30445008;Breite Str. 30-37;Haus 08;10178;2568;ja ;341;30-40%;841082
30415002;Mandelstr. 6-8;Haus 02;10409;1091;ja ;342;20-30%;259922
30229002;Bismarckstr. 111;Haus 01;10625;3532;nein ;343;50-60%;2032726
30232001;Dönhoffstr. 30,31;Haus 01;10318;1569;ja ;344;40-50%;661136
30118004;Am Fort 48 D;Haus 04;13591;258;nein ;345;> 60%;245260
30395005;Osloer Str. 23-26;Haus 05;13359;587;nein ;346;40-50%;963712
30216037;Ruppiner Chaussee 240,268;Haus 07;13503;5584;ja ;347;40-50%;2066050
30395002;Osloer Str. 23-26;Haus 02;13359;4776;nein ;348;> 60%;3185715
30417002;Gierkeplatz 1,3;Haus 02;10585;6604;nein ;349;20-30%;3733552
30271001;Schmidt-Knobelsdorf-Str. 27;Haus 01;13581;2715;nein ;350;40-50%;1444902
30395007;Osloer Str. 23-26;Haus 07;13359;711;nein ;351;50-60%;750443
30218001;Tempelhofer Damm 12;Haus 01;12101;67859;nein ;352;20-30%;44590686
30347001;Lehrter Str. 61;Haus 03;10557;5254;ja ;353;30-40%;2062051
30034001;Brunnenstr. 188-190;Haus 01;10119;16808;ja ;354;30-40%;7344474
30431002;Bismarckstr. 110;Haus 02;10625;1399;ja ;355;> 60%;830419
30135001;Ostpreußendamm 40;Haus 01;12207;6765;ja ;356;30-40%;1839451
30414004;Gustav-Adolf-Str. 66;Haus 02;13086;7977;nein ;357;20-30%;4156092
30329001;Levetzowstr. 1-2;Haus 01;10555;4448;ja ;358;30-40%;2351298
30179001;Voltairestr. 2;Haus 01;10179;7349;nein ;359;10-20%;1488889
30054001;Nonnendammallee 21;Haus 01;13599;10513;nein ;360;40-50%;6327444
30286001;Wilmsstr. 19,20;Haus 01;10961;2968;nein ;361;30-40%;1051686
30133002;Nonnendammallee 140-143;Haus 02;13599;11064;nein ;362;30-40%;9719764
30396001;Niederwallstr. 6,7;Haus 01;10117;2617;ja ;363;30-40%;950383
30402003;Dammweg 216;Haus 03,06,07;12057;572;nein ;364;50-60%;391883
30197003;Gothaer Str. 19;Querbau ;10823;3378;ja ;365;40-50%;1338267
30434002;Kurfürstendamm 153;Haus 02;10709;2256;ja ;366;> 60%;1139660
30352002;Kirchhainer Damm 64 - 66;Pforte ;12309;406;nein ;367;30-40%;365224
30277001;Siemensstr. 22;Haus 01;12459;580;ja ;368;30-40%;334567
30037002;Auf dem Grat 2;Haus 02;14195;451;nein ;369;30-40%;507848
30255001;Kronprinzessinnenweg 20;Haus 01;14109;3498;nein ;370;50-60%;2504585
30205017;Kruppstr. 2-4;Haus 15;10557;988;nein ;371;> 60%;507848
30409003;Wrangelstr. 98;Haus 03;10997;12182;ja ;372;30-40%;4109440
30075014;Turmstr. 21;Haus O ;10559;1484;ja ;373;30-40%;447866
30427002;Alt-Moabit 10;Haus 02;10557;4100;nein ;374;30-40%;3833522
30093002;Mandrellaplatz 6;Haus 02;14057;455;ja ;375;40-50%;194609
30106001;Tegeler Weg 17-20;Haus 01;10589;23965;ja ;376;20-30%;5934228
30075005;Turmstr. 21;Haus E ;10559;2638;ja ;377;40-50%;866408
30147001;Charlottenburger Str. 10,12;Haus 01;14169;5386;nein ;378;30-40%;3405650
30407003;Lobeckstr. 76;Haus 03;10969;2612;nein ;379;50-60%;1083676
30251001;Josef-Orlopp-Str. 69;Haus 01;10365;2637;nein ;380;40-50%;2263324
30195038;Friesenstr. 16;Haus 25, 25a;10965;2445;ja ;381;> 60%;2300646
30279001;Südendstr. 18a;Haus 01;12169;1320;ja ;382;20-30%;335900
30445003;Breite Str. 30-37;Haus 03;10178;7263;ja ;383;40-50%;3151059
30200001;Hauptstr. 45;Haus 01;10827;2919;ja ;384;40-50%;1061017
30168001;Nikolaus-Groß-Weg 2;Haus 01;13627;2437;nein ;385;50-60%;2000736
30281001;Wackenbergstr. 81;Haus 01;13156;2438;nein ;386;> 60%;1162320
30351012;Friedrich-Olbricht-Damm 40;offener Vollzug ;13627;692;nein ;387;20-30%;453198
30083001;Grunewaldstr. 66-67;Haus 01;10823;11511;ja ;388;20-30%;3291017
30216036;Ruppiner Chaussee 240,268;Haus 06;13503;5708;ja ;389;40-50%;2139361
30041002;Friedrich-Krause-Ufer 24,25;Haus 02;13353;6697;nein ;390;30-40%;2340634
30007002;Alt-Friedrichsfelde 60;Haus 02;10315;15161;nein ;391;30-40%;11748492
30205007;Kruppstr. 2-4;Haus 07;10557;700;ja ;392;50-60%;442535
30346003;Lützowstr. 45;Werkstatt ;12307;612;nein ;393;30-40%;362558
30346001;Lützowstr. 45;Hauptgebäude, Verwaltung ;12307;903;nein ;394;> 60%;381220
30194017;Charlottenburger Chaussee 67,75;Haus 16;13597;2184;nein ;395;> 60%;1399582
30260002;Marktstr. 13;Haus 02;10317;806;ja ;396;30-40%;306575
30392003;Rheinsberger Str. 4-5;Haus 03;10115;384;ja ;397;50-60%;470526
30195040;Friesenstr. 16;Haus 30;10965;1644;ja ;398;30-40%;953049
30153001;Gravensteinstr. 9, 4-18;Haus 01;13127;2165;nein ;399;> 60%;1863444
30445005;Breite Str. 30-37;Haus 05;10178;3227;ja ;400;40-50%;1419576
30405002;Goldbeckweg 8-14;Haus 02;13599;4762;nein ;401;40-50%;3335004
30245002;Idastr. 6;Haus 02;13156;340;nein ;402;30-40%;222600
30195048;Friesenstr. 16;Haus 42;10965;7900;ja ;403;40-50%;5422381
30382001;Neuwedeller Str. 4;Haus 01;12053;1405;nein ;404;40-50%;1038357
30121001;Cyclopstr. 1-7;Haus 01;13469;29263;nein ;405;40-50%;16547059
30065001;Schloßstr. 58,59;Haus 01;12165;5987;nein ;406;50-60%;3884174
30420001;Darßer Str. 97;Haus 01;13051;6955;nein ;407;20-30%;5455704
30413002;Erich-Weinert-Str. 103;Haus 02;10409;3193;nein ;408;10-20%;743778
30194012;Charlottenburger Chaussee 67,75;Haus 12;13597;410;nein ;409;50-60%;263921
30422006;Fischerstr. 36;Haus 01;10317;4896;ja ;410;50-60%;3436307
30196008;Gallwitzallee 87,95;Haus 08;12249;1392;nein ;411;> 60%;1786133
30196009;Gallwitzallee 87,95;Haus 08a;12249;1234;nein ;412;> 60%;1380921
30195011;Friesenstr. 16;Haus 06;10965;4308;ja ;413;30-40%;1995404
30421002;Fischerstr. 32;Haus 02;10317;1434;ja ;414;10-20%;267920
30410003;Buschallee 23a;Haus 03;13088;14193;nein ;415;20-30%;11142006
30259003;Märkische Allee 189;Haus 03;12681;870;nein ;416;40-50%;977042
30193002;Cecilienstr. 92;Haus 01- 04;12683;17737;nein ;417;50-60%;11080691
30205005;Kruppstr. 2-4;Haus 04/05;10557;10581;ja ;418;30-40%;3548274
30044001;Havelchaussee 149-151;Haus 01;14055;942;nein ;419;50-60%;418542
30195047;Friesenstr. 16;Haus 41a;10965;758;ja ;420;30-40%;311907
30225001;Alt-Rudow 67,69;Haus 01;12355;692;nein ;421;50-60%;659803
30175002;Johannisthaler Chaussee 222;Haus 02;12351;365;nein ;422;> 60%;405212
30213002;Radelandstr. 21;Haus 02;13589;13463;nein ;423;> 60%;6162160
30193014;Cecilienstr. 92;Haus 10;12683;4416;nein ;424;50-60%;2505918
30383001;Kisselnallee 19;Haus 01;13589;2466;nein ;425;30-40%;1419576
30108003;Turmstr. 91;Haus 03 (B);10559;12778;nein ;426;30-40%;6876613
30395003;Osloer Str. 23-26;Haus 03;13359;5854;nein ;427;20-30%;1980742
30194019;Charlottenburger Chaussee 67,75;Haus 18;13597;3609;nein ;428;30-40%;1935422
30370001;Poststr. 23;Haus 01;10178;871;ja ;429;20-30%;333234
30405001;Goldbeckweg 8-14;Haus 01;13599;11419;nein ;430;40-50%;6772644
30196013;Gallwitzallee 87,95;Haus 11;12249;964;nein ;431;> 60%;1275619
30406002;Alt-Stralau 40-41;Haus 02;13599;1152;nein ;432;20-30%;1392917
30093001;Mandrellaplatz 6;Haus 01;12555;5744;ja ;433;20-30%;1995404
30421001;Fischerstr. 32;Haus 01;10317;3486;nein ;434;20-30%;2532577
30089001;Karl-Marx-Str. 77;Haus 01;12043;9175;ja ;435;20-30%;3442972
30259001;Märkische Allee 189;Haus 01;12681;531;nein ;436;50-60%;706456
30168002;Nikolaus-Groß-Weg 2;Haus 02;13627;2444;nein ;437;50-60%;2222003
30196006;Gallwitzallee 87,95;Haus 06;12249;1260;nein ;438;> 60%;1795464
30244001;Heinrich-Grüber-Str. 35;Haus 01;12621;1892;nein ;439;20-30%;839749
30413001;Erich-Weinert-Str. 103;Haus 01;10409;4549;nein ;440;40-50%;2523247
30239001;Goethestr. 7;Haus 01;12207;1828;ja ;441;40-50%;1307610
30041001;Friedrich-Krause-Ufer 24,25;Haus 01;13353;9424;ja ;442;40-50%;5129135
30445001;Breite Str. 30-37;Haus 01;10178;2664;ja ;443;30-40%;1025027
30071002;Tempelhofer Damm 234;Haus 02;12099;5317;nein ;444;30-40%;3697563
30084001;Hardenbergstr. 31;Haus 01;10623;13793;ja ;445;20-30%;4921197
30266001;Pablo-Picasso-Str. 4;Haus 01;13057;4606;nein ;446;40-50%;2772505
30130002;Kochstr. 9;Haus 02;10969;701;nein ;447;30-40%;863742
30090001;Kissingenstr. 5,6;Haus 01;13189;6611;ja ;448;30-40%;2401949
30194020;Charlottenburger Chaussee 67,75;Haus 19;13597;8662;nein ;449;50-60%;5525017
30335003;Möckernstr. 26;Ladestraße mit Ruine ;10963;3350;ja ;450;50-60%;1310275
30412003;Driesener Str. 22;Haus 03;10439;1075;ja ;451;30-40%;422541
30351015;Friedrich-Olbricht-Damm 40;GaLa-Bau ;13627;803;ja ;452;20-30%;190610
30194023;Charlottenburger Chaussee 67,75;Haus 22;13597;601;nein ;453;> 60%;327902
30445006;Breite Str. 30-37;Haus 06;10178;2272;ja ;454;40-50%;1062349
30197001;Gothaer Str. 19;Altbau ;10823;10724;ja ;455;30-40%;4094777
30148001;Dorfstr. 4;Haus 01;13059;1063;nein ;456;50-60%;582493
30200002;Hauptstr. 45;Haus 02;10827;1066;ja ;457;20-30%;775768
30156003;Hauptstr. 14;Haus 03;13159;357;ja ;458;40-50%;289247
30415001;Mandelstr. 6-8;Haus 01;10409;8251;ja ;459;30-40%;1744812
30391001;Allee der Kosmonauten 18;Haus 01;10315;3464;nein ;460;30-40%;2717855
30165001;Mädewalder Weg 21,23;Haus 01;12621;741;nein ;461;> 60%;473192
30046001;Klosterstr. 47;Haus 01;10179;41641;ja ;462;20-30%;22407976
30391003;Allee der Kosmonauten 18;Haus 03;10315;1501;nein ;463;30-40%;1970078
30263001;Nipkowstr. 23;Haus 01;12489;1844;nein ;464;> 60%;1046354
30101001;Ringstr. 9;Haus 01;12203;6460;ja ;465;20-30%;2477927
30170002;Rankestr. 10-12;Haus 02;10789;325;nein ;466;50-60%;313240
30448002;Parkaue 23-29;Haus 04;10367;321;ja ;467;> 60%;334567
30195015;Friesenstr. 16;Haus 09;10965;802;ja ;468;30-40%;307908
30244006;Heinrich-Grüber-Str. 35;Haus 06;12621;1804;nein ;469;> 60%;1102338
30150001;Feurigstr. 58;Haus 01;10827;4872;ja ;470;30-40%;1603521
30196031;Gallwitzallee 87,95;Haus 27;12249;347;nein ;471;> 60%;358560
30391004;Allee der Kosmonauten 18;Haus 04;10315;3434;nein ;472;30-40%;1987407
30194009;Charlottenburger Chaussee 67,75;Haus 09;13597;714;nein ;473;> 60%;1156988
30227001;Wiener Str. 64;Haus 01;10999;3350;nein ;474;20-30%;2331304
30122002;Dudenstr. 35-37;Haus 02;10965;1034;nein ;475;20-30%;938386
30398003;Hartmannsweilerweg 29;Haus 03;14163;931;nein ;476;30-40%;1202308
30237003;Friedenstr. 31-32;Haus 03;10249;817;nein ;477;> 60%;637143
30429003;Kühleweinstr. 5;Haus 03;13409;3689;nein ;478;50-60%;3089744
30099001;Parkstr. 71;Haus 01;13086;3719;ja ;479;30-40%;1535542
30264001;Oderberger Str. 24,25;Haus 01;10435;2095;ja ;480;40-50%;1148990
30385001;Robert-von-Ostertag-Str. 2;Haus 01;14163;8226;nein ;481;20-30%;2585895
30381002;Alfredstr. 11;Haus 02;10365;3857;ja ;482;10-20%;942385
30424001;Marktstr. 2-3;Haus 03;10317;7700;ja ;483;30-40%;3385656
30194016;Charlottenburger Chaussee 67,75;Haus 15;13597;382;nein ;484;> 60%;317239
30108004;Turmstr. 91;Haus 04 (C/D);10559;11868;nein ;485;20-30%;6749985
30209001;Moritzstr. 10;Haus 01a;13597;6961;nein ;486;> 60%;3864180
30045001;Juliusstr. 67;Haus 01;12051;2317;nein ;487;50-60%;1595524
30075010;Turmstr. 21;Haus L ;10559;6658;ja ;488;30-40%;2493922
30195033;Friesenstr. 16;Haus 20a;10965;410;ja ;489;> 60%;366557
30213013;Radelandstr. 21;Haus 10;13589;3122;nein ;490;50-60%;1947419
30192001;Bulgarische Str. 55;Haus 01;12435;4969;nein ;491;40-50%;2693862
30392002;Rheinsberger Str. 4-5;Haus 02;10115;3001;ja ;492;40-50%;1747478
30057001;Potsdamer Str. 186;Haus 01;10783;10058;ja ;493;30-40%;4823893
30349003;Friedrich-Olbricht-Damm 16;Verwaltung I ;13627;2529;ja ;494;40-50%;1287616
30151001;Gasteiner Str. 19-20;Haus 01;10717;3721;ja ;495;20-30%;895733
30195016;Friesenstr. 16;Haus 09a;10965;1027;ja ;496;30-40%;338566
30346002;Lützowstr. 45;Haus 02;12307;955;nein ;497;20-30%;298578
30269001;Remstaler Str. 9;Haus 01;13465;520;nein ;498;> 60%;262588
30163001;Krampenburger Weg 1,3;Haus 01;12559;342;nein ;499;> 60%;311907
30420002;Darßer Str. 97;Haus 02;13051;5157;nein ;500;20-30%;2925793
30049001;Martin-Buber-Str. 20,21;Haus 01;14163;10663;nein ;501;40-50%;4681269
30146001;Borussiastr. 16,17;Haus 01;12103;3050;nein ;502;> 60%;2162021
30392005;Rheinsberger Str. 4-5;Haus 05;10115;1867;nein ;503;> 60%;989038
30216054;Ruppiner Chaussee 240,268;Zoll-GKSt ;13503;2325;nein ;504;50-60%;2055386
30053001;Nöldnerstr. 35;Haus 01;10317;6373;nein ;505;20-30%;3877509
30237001;Friedenstr. 31-32;Haus 01;10249;852;ja ;506;30-40%;314573
30208002;Mertensstr. 140;Haus 02;13587;1089;nein ;507;> 60%;778434
30416004;Danckelmannstr. 25-28;Haus 04;14059;270;nein ;508;40-50%;385218
30156001;Hauptstr. 14;Haus 01;13159;503;ja ;509;30-40%;159952
30038001;Eichborndamm 208;Haus 01;13403;13053;nein ;510;40-50%;10478205
30428002;Schwyzer Str. 6-8;Haus 02;13349;726;nein ;511;20-30%;702457
30246001;Im Domstift 22;Haus 01;12309;1274;nein ;512;30-40%;626480
30432002;Marzahner Chaussee 231;Haus 02;12681;1401;nein ;513;40-50%;1482224
30350007;Friedrich-Olbricht-Damm 17;Haus 07;13627;8184;nein ;514;30-40%;5043827
30171002;Rathausstr. 70,72;Haus 02;12105;1133;ja ;515;40-50%;635810
30430001;Spandauer Damm 19;Haus 01;14059;3274;ja ;516;30-40%;1512882
30432001;Marzahner Chaussee 231;Haus 01;12681;7880;nein ;517;30-40%;6628687
30043001;Friedrichstr. 219;Haus 01;10969;23483;nein ;518;50-60%;11082024
30069001;Storkower Str. 97;Haus 01;10407;7301;nein ;519;20-30%;3981478
30410004;Buschallee 23a;Haus 04;13088;3461;nein ;520;20-30%;1888769
30125001;Goltzstr. 43-44;Haus 01;10781;1423;ja ;521;20-30%;563832
30213003;Radelandstr. 21;Haus 03;13589;633;nein ;522;> 60%;381220
30195008;Friesenstr. 16;Haus 04b;10965;272;ja ;523;50-60%;290580
30075007;Turmstr. 21;Haus H ;10559;1453;ja ;524;30-40%;629145
30031001;Bismarckstr. 48;Haus 01;10627;18635;ja ;525;30-40%;10944732
30168004;Nikolaus-Groß-Weg 2;Haus 04;13627;1133;nein ;526;30-40%;1324938
30441001;Genslerstr. 66;Haus 01;13055;6547;ja ;527;50-60%;2463264
30350008;Friedrich-Olbricht-Damm 17;Haus 06;13627;664;nein ;528;50-60%;563832
30171001;Rathausstr. 70,72;Haus 01;12105;2395;ja ;529;40-50%;954382
30413003;Erich-Weinert-Str. 103;Haus 03;10409;1115;nein ;530;20-30%;906396
30414008;Gustav-Adolf-Str. 66;Haus 03;13086;1059;nein ;531;40-50%;929056
30194010;Charlottenburger Chaussee 67,75;Haus 10;13597;490;nein ;532;40-50%;558500
30195046;Friesenstr. 16;Haus 41;10965;1294;ja ;533;40-50%;531841
30177001;Selchowstr. 4;Haus 01;12489;752;nein ;534;> 60%;451865
30228001;Berliner Str. 16;Haus 01;13507;3779;nein ;535;50-60%;2599224
30245001;Idastr. 6;Haus 01;13156;2221;nein ;536;30-40%;1384920
30428003;Schwyzer Str. 6-8;Haus 03;13349;3051;nein ;537;30-40%;2279319
30240001;Betckestr. 13;Haus 01;13595;2572;nein ;538;20-30%;1808793
30349014;Friedrich-Olbricht-Damm 16;Kesselhaus ;13627;1315;ja ;539;30-40%;509181
30282001;Wendenschloßstr. 348;Haus 01;12557;1883;nein ;540;> 60%;2134029
30285001;Wilhelm-von-Siemens-Str. 15;Haus 01;12277;3497;nein ;541;30-40%;2385954
30144001;Alt-Blankenburg 9;Haus 01;13129;881;ja ;542;30-40%;339899
30108005;Turmstr. 91;Haus 05 (E);10559;3070;nein ;543;40-50%;1752810
30039003;Fehrbelliner Platz;Haus 03;10707;9108;ja ;544;20-30%;2064717
30124001;Florastr. 13;Haus 01;12163;3276;nein ;545;30-40%;2139361
30037001;Auf dem Grat 2;Haus 01;14195;3401;nein ;546;50-60%;1422242
30155001;Hackbuschstr. 65;Haus 01;13591;921;nein ;547;50-60%;734447
30447007;Britzer Str. 5;Baracke 13;12439;906;ja ;548;> 60%;698458
30431003;Bismarckstr. 110;Haus 03;10625;1325;nein ;549;50-60%;823754
30426015;Scharfenberg (Insel);Haus 15;13505;735;ja ;550;30-40%;326569
30062001;Salzburger Str. 21-25;Haus 01;10825;20079;ja ;551;20-30%;8600099
30242001;Hadlichstr. 37;Haus 01;13187;3382;nein ;552;> 60%;2293982
30196005;Gallwitzallee 87,95;Haus 05;12249;1833;nein ;553;30-40%;2239331
30261001;Mühlenweg 8;Haus 01;12589;276;nein ;554;> 60%;227932
30070001;Straßburger Str. 56;Haus 01;10405;4359;nein ;555;> 60%;3284353
30028001;An der Urania 4-10;Haus 01;10787;16400;nein ;556;50-60%;9598467
30180001;Waltersdorfer Str. 107;Haus 01;12526;669;nein ;557;> 60%;406545
30141001;Mehringdamm 110;Haus 01;10961;9769;nein ;558;20-30%;5704963
30216029;Ruppiner Chaussee 240,268;Haus 01 L;13503;414;ja ;559;40-50%;166617
30266003;Pablo-Picasso-Str. 4;Haus 03;13057;1380;nein ;560;30-40%;1042355
30429002;Kühleweinstr. 5;Haus 02;13409;2213;nein ;561;40-50%;1806127
30408004;Straßmannstr. 14-16;Haus 04;10249;7164;ja ;562;30-40%;1744812
30236001;Frankenbergstr. 23;Haus 01;12589;391;nein ;563;> 60%;233264
30075009;Turmstr. 21;Haus K ;10559;9284;ja ;564;20-30%;3841520
30194003;Charlottenburger Chaussee 67,75;Haus 03;13597;5041;nein ;565;50-60%;2844484
30032001;Bredtschneiderstr. 5;Haus 01;14057;12776;nein ;566;50-60%;8461473
30128004;Immenweg 6-10;Haus 04;12169;816;nein ;567;10-20%;457197
30169001;Pölnitzweg 3,5;Haus 01;13125;895;nein ;568;30-40%;486521
30193016;Cecilienstr. 92;Haus 12;12683;644;nein ;569;50-60%;522511
30327001;Alt-Heiligensee 68;Haus 01;13503;426;ja ;570;30-40%;163951
30205014;Kruppstr. 2-4;Haus 13;10557;1605;ja ;571;> 60%;1627514
30193019;Cecilienstr. 92;Haus 14;12683;464;nein ;572;30-40%;301243
30350003;Friedrich-Olbricht-Damm 17;Haus 03;13627;1247;nein ;573;30-40%;910395
30408003;Straßmannstr. 14-16;Haus 03;10249;4436;ja ;574;30-40%;1059684
30243002;Hauptstr. 8;Haus A/B ;13187;1833;nein ;575;> 60%;955715
30266002;Pablo-Picasso-Str. 4;Haus 02;13057;2358;nein ;576;40-50%;1619516
30039004;Fehrbelliner Platz;Haus 04;10707;3750;ja ;577;20-30%;1376922
30216028;Ruppiner Chaussee 240,268;Halle D 14;13503;1356;ja ;578;50-60%;1260957
30380001;Arkonastr. 56;Bauteil 1;13189;2243;ja ;579;20-30%;982373
30445002;Breite Str. 30-37;Haus 02;10178;3775;ja ;580;40-50%;2425942
30408002;Straßmannstr. 14-16;Haus 02;10249;2502;nein ;581;> 60%;1399582
30195012;Friesenstr. 16;Haus 07;10965;1742;ja ;582;40-50%;1050353
30426005;Scharfenberg (Insel);Haus 05;13505;339;ja ;583;50-60%;211937
30186005;Augustaplatz 7;Haus 15;12203;667;ja ;584;50-60%;773102
30441004;Genslerstr. 66;Haus 04;13055;2322;ja ;585;40-50%;873073
30397003;Naglerstr. 1-3;Haus C ;10245;1202;ja ;586;20-30%;602487
30250002;Jagowstr. 31;Haus 02;10555;543;nein ;587;40-50%;515846
30441002;Genslerstr. 66;Haus 02;13055;6161;ja ;588;40-50%;2909798
30216045;Ruppiner Chaussee 240,268;Haus 16;13503;1848;ja ;589;40-50%;714453
30058001;Rubensstr. 111;Haus 01;12157;3687;nein ;590;50-60%;2761842
30414001;Gustav-Adolf-Str. 66;Haus 04;13086;1389;nein ;591;30-40%;1458231
30203001;Koenigsallee 75;Haus 01;14193;411;nein ;592;> 60%;394549
30423003;Fritz-Lesch-Str. 35;Haus 01;13053;2190;nein ;593;50-60%;1420909
30401001;Helmholtzstr. 37;Haus 01;12459;8588;ja ;594;30-40%;3173719
30276001;Sewanstr. 262;Baracke ;10319;339;nein ;595;30-40%;481190
30216021;Ruppiner Chaussee 240,268;Halle A 05;13503;1645;ja ;596;50-60%;1751477
30328001;Alt-Lübars 12;Haus 01;13469;292;nein ;597;> 60%;158619
30216020;Ruppiner Chaussee 240,268;Halle A 04;13503;2078;ja ;598;> 60%;1747478
30238001;Friederikestr. 19;Haus 01;13505;300;nein ;599;50-60%;446533
30386001;Niederneuendorfer Allee 140-150;Haus 01;13587;2265;nein ;600;20-30%;1604854
30092001;Littenstr. 12-17;Haus 01;10179;47030;ja ;601;20-30%;18583784
30161001;Katzengraben 1,1a;Haus 01;12555;5500;ja ;602;20-30%;1162320
30052002;Mohriner Allee 137;Haus 02;12347;513;nein ;603;40-50%;766438
30075013;Turmstr. 21;Haus N ;10559;6490;ja ;604;20-30%;1710156
30426002;Scharfenberg (Insel);Haus 02;13505;309;ja ;605;20-30%;65314
30106002;Tegeler Weg 17-20;Haus 02;10589;4106;nein ;606;40-50%;2007401
30397004;Naglerstr. 1-3;Haus D ;10245;1247;ja ;607;20-30%;690461
30408001;Straßmannstr. 14-16;Haus 01;10249;1347;ja ;608;20-30%;313240
30426008;Scharfenberg (Insel);Haus 08;13505;888;ja ;609;40-50%;609151
30422001;Fischerstr. 36;Haus 01;10317;3618;ja ;610;40-50%;2108704
30433002;Kantstr. 11-12;Haus 02;10623;792;ja ;611;40-50%;470526
30441003;Genslerstr. 66;Haus 03;13055;3008;ja ;612;40-50%;1275619
30216048;Ruppiner Chaussee 240,268;Haus 19;13503;677;ja ;613;40-50%;721118
30216007;Ruppiner Chaussee 240,268;Halle 07;13503;603;ja ;614;50-60%;750443
30007006;Alt-Friedrichsfelde 60;Haus 06a;10315;11502;nein ;615;20-30%;8734725
30137001;Prinzregentenstr. 32,35;Haus 01;10715;7175;nein ;616;10-20%;3865512
30405003;Goldbeckweg 8-14;Haus 03;13599;1270;nein ;617;50-60%;1318273
30146002;Borussiastr. 16,17;Haus 02;12103;292;nein ;618;> 60%;499851
30027001;Am Köllnischen Park 3;Haus 01;10179;14387;ja ;619;20-30%;3259027
30079001;Altstädter Ring 7;Haus 01;13597;6901;nein ;620;30-40%;2373958
30153004;Gravensteinstr. 9, 4-18;Haus 04;13127;832;nein ;621;> 60%;562499
30426014;Scharfenberg (Insel);Haus 14;13505;429;ja ;622;10-20%;91973
30167001;Müggelseedamm 178;Haus 01;12587;1329;nein ;623;40-50%;545171
30243003;Hauptstr. 8;Haus C ;13187;1115;nein ;624;> 60%;638476
30349024;Friedrich-Olbricht-Damm 16;Haus Nr. 32 - 34;13627;1210;ja ;625;30-40%;509181
30270001;Schlierseestr. 10;Haus 01;12527;332;nein ;626;40-50%;235930
30237002;Friedenstr. 31-32;Haus 02;10249;884;ja ;627;20-30%;207938
30413004;Erich-Weinert-Str. 103;Haus 05;10409;2207;nein ;628;20-30%;1343599
30102001;Roedeliusplatz 1;Haus 01;10365;4415;ja ;629;20-30%;1403581
30039001;Fehrbelliner Platz;Haus 01;10707;39690;ja ;630;30-40%;14634297
30215001;Rudolstädter Str. 79,85;Haus 01;10713;4675;nein ;631;20-30%;1006366
30244005;Heinrich-Grüber-Str. 35;Haus 05;12621;1883;nein ;632;40-50%;478524
30426009;Scharfenberg (Insel);Haus 09;13505;511;ja ;633;> 60%;666468
30250001;Jagowstr. 31;Haus 01;10555;4106;nein ;634;40-50%;2885805
30097001;Möckernstr. 128-130;Haus 01;10963;8728;ja ;635;20-30%;2793832
30178001;Stiftsweg 1a;Haus 01;13187;1191;nein ;636;20-30%;686462
30128003;Immenweg 6-10;Haus 03;12169;3033;nein ;637;30-40%;2828489
30216023;Ruppiner Chaussee 240,268;Halle A 20;13503;1129;ja ;638;> 60%;914394
30395004;Osloer Str. 23-26;Haus 04;13359;1820;nein ;639;20-30%;1155655
30275001;Semmelweisstr. 83-87;Haus 01;12524;956;nein ;640;30-40%;495852
30244004;Heinrich-Grüber-Str. 35;Haus 04;12621;1905;nein ;641;20-30%;821088
30205013;Kruppstr. 2-4;Haus 12;10557;902;ja ;642;50-60%;985039
30216047;Ruppiner Chaussee 240,268;Haus 18;13503;318;ja ;643;40-50%;207938
30282002;Wendenschloßstr. 348;Haus 02;12557;344;nein ;644;> 60%;534507
30386010;Niederneuendorfer Allee 140-150;Haus H ;13587;752;nein ;645;20-30%;625147
30286002;Wilmsstr. 19,20;Haus 02;10961;396;nein ;646;40-50%;517179
30039005;Fehrbelliner Platz;Haus 05;10707;30171;ja ;647;30-40%;15336754
30194004;Charlottenburger Chaussee 67,75;Haus 04;13597;4644;nein ;648;30-40%;4322709
30278001;Suarezstr. 9-10;Haus 01;14057;3604;nein ;649;10-20%;746444
30156002;Hauptstr. 14;Haus 02;13159;334;ja ;650;40-50%;145290
30272001;Schmöckwitzer Damm 60;Haus 01;12527;1022;nein ;651;10-20%;190610
30121002;Cyclopstr. 1-7;Haus 02;13469;2514;nein ;652;30-40%;2555237
30244003;Heinrich-Grüber-Str. 35;Haus 03;12621;2049;nein ;653;20-30%;986372
30409004;Wrangelstr. 98;Haus 04;10997;1094;nein ;654;30-40%;962379
30250003;Jagowstr. 31;Haus 03;10555;362;nein ;655;> 60%;477191
30262001;Neues Ufer 1;Haus 01;10553;994;nein ;656;50-60%;855744
30097002;Möckernstr. 128-130;Haus 02;10963;16598;nein ;657;20-30%;8922669
30423005;Fritz-Lesch-Str. 35;Haus 03;13053;2197;nein ;658;50-60%;1427574
30050001;Martin-Luther-Str. 105;Haus 01;10825;22331;ja ;659;20-30%;9523823
30213012;Radelandstr. 21;Haus 09;13589;1936;nein ;660;> 60%;905063
30386008;Niederneuendorfer Allee 140-150;Haus F ;13587;724;nein ;661;20-30%;586492
30207002;Magazinstr. 5;Haus 02;10179;1933;ja ;662;40-50%;835750
30386009;Niederneuendorfer Allee 140-150;Haus G ;13587;751;nein ;663;20-30%;623814
30386004;Niederneuendorfer Allee 140-150;Haus B ;13587;723;nein ;664;20-30%;599821
30075018;Turmstr. 21;Haus S ;10559;1708;ja ;665;40-50%;1043688
30350014;Friedrich-Olbricht-Damm 17;Haus D ;13627;2767;nein ;666;30-40%;1842117
30386003;Niederneuendorfer Allee 140-150;Haus A ;13587;730;nein ;667;20-30%;614483
30386005;Niederneuendorfer Allee 140-150;Haus C ;13587;724;nein ;668;20-30%;601154
30075016;Turmstr. 21;Haus Q ;10559;467;ja ;669;50-60%;195941
30194005;Charlottenburger Chaussee 67,75;Haus 05;13597;1954;nein ;670;10-20%;378554
30035001;Potsdamer Str. 140;Haus 01;10783;8638;ja ;671;10-20%;2824490
30349007;Friedrich-Olbricht-Damm 16;Küchengebäude ;13627;4147;nein ;672;30-40%;2196677
30244002;Heinrich-Grüber-Str. 35;Haus 02;12621;1909;nein ;673;20-30%;846414
30280001;Triftstr. 8;Haus 01;13585;4258;ja ;674;30-40%;1450234
30216004;Ruppiner Chaussee 240,268;Halle 04;13503;642;ja ;675;> 60%;639809
30190001;Berliner Str. 35;Haus 01;13507;3910;ja ;676;30-40%;1459564
30274001;Segelfliegerdamm 42;Haus 01;12487;2160;nein ;677;30-40%;1143659
30423004;Fritz-Lesch-Str. 35;Haus 02;13053;2217;nein ;678;50-60%;1411579
30199003;Grünauer Str. 140;Haus 03;12557;4703;nein ;679;40-50%;3012434
30213004;Radelandstr. 21;Haus 04;13589;790;nein ;680;40-50%;377221
30365001;Osloer Str. 102;Haus 01;13359;3475;ja ;681;40-50%;2146026
30244008;Heinrich-Grüber-Str. 35;Haus 08;12621;442;nein ;682;> 60%;670466
30349022;Friedrich-Olbricht-Damm 16;Haus Nr. 24 - 26;13627;883;ja ;683;30-40%;355894
30216019;Ruppiner Chaussee 240,268;Halle A 01;13503;985;ja ;684;50-60%;1170317
30003001;Oranienstr. 106;Haus 01;10969;27501;ja ;685;20-30%;11733830
30211001;Pionierstr. 160,204;Haus 01;13589;781;nein ;686;> 60%;515846
30030001;Belziger Str. 52-58;Haus 01;10823;852;ja ;687;30-40%;317239
30325001;Hartmannsweilerweg 63;Haus 01;14163;3678;nein ;688;40-50%;2753844
30392001;Rheinsberger Str. 4-5;Haus 01;10115;1112;ja ;689;40-50%;582493
30075012;Turmstr. 21;Haus M1;10559;1041;ja ;690;20-30%;250592
30199004;Grünauer Str. 140;Haus 04;12557;1372;nein ;691;40-50%;1023694
30393002;Persiusstr. 7-9;Haus 02;10245;324;nein ;692;20-30%;469193
30419001;Schillerstr. 120;Haus 01;10625;10439;nein ;693;10-20%;3396319
30001001;Jüdenstr. 1;Haus 01;10178;28291;ja ;694;20-30%;18043946
30392004;Rheinsberger Str. 4-5;Haus 04;10115;304;nein ;695;> 60%;413210
30076001;Max-Brunnow-Str. 4;Haus 01;10369;2573;nein ;696;30-40%;1718154
30164001;Linienstr. 128-129;Haus 01;10115;1618;ja ;697;30-40%;539839
30199001;Grünauer Str. 140;Haus 01;12557;1521;nein ;698;50-60%;1135661
30391002;Allee der Kosmonauten 18;Haus 02;10315;3475;nein ;699;10-20%;1224968
30349006;Friedrich-Olbricht-Damm 16;Werkstattgebäude ;13627;2250;nein ;700;40-50%;2896468
30213005;Radelandstr. 21;Haus 05;13589;10436;nein ;701;> 60%;5270426
30193017;Cecilienstr. 92;Haus 13;12683;1101;nein ;702;50-60%;777101
30159001;Hellersdorfer Str. 143-147;Haus 01;12619;1492;nein ;703;20-30%;1238297
30386006;Niederneuendorfer Allee 140-150;Haus D ;13587;727;nein ;704;20-30%;602487
30004001;Storkower Str. 134;Haus 01;10407;18629;nein ;705;30-40%;10767452
30216003;Ruppiner Chaussee 240,268;Halle 03;13503;731;ja ;706;30-40%;249259
30386007;Niederneuendorfer Allee 140-150;Haus E ;13587;727;nein ;707;20-30%;594489
30349018;Friedrich-Olbricht-Damm 16;Haus Nr. 8 - 10;13627;850;ja ;708;30-40%;342564
30349010;Friedrich-Olbricht-Damm 16;Wäscherei ;13627;3585;nein ;709;40-50%;3432308
30075001;Turmstr. 21;Haus A ;10559;20962;ja ;710;10-20%;6359434
30193007;Cecilienstr. 92;Haus 06;12683;866;nein ;711;30-40%;1035691
30400003;Birkenstr. 11;Haus 03;12559;943;nein ;712;20-30%;557167
30153002;Gravensteinstr. 9, 4-18;Haus 02;13127;1131;nein ;713;30-40%;1218303
30199002;Grünauer Str. 140;Haus 02;12557;4433;nein ;714;30-40%;2729852
30174001;Romain-Rolland-Str. 103,105,107;Haus 01;13089;1082;nein ;715;20-30%;1011698
30432003;Marzahner Chaussee 231;Haus 03;12681;1183;nein ;716;20-30%;1811459
30447003;Britzer Str. 5;Baracke 2;12439;990;ja ;717;50-60%;419875
30385003;Robert-von-Ostertag-Str. 2;Haus 03;14163;1062;nein ;718;50-60%;645141
30240003;Betckestr. 13;Haus 03;13595;601;nein ;719;50-60%;515846
30398002;Hartmannsweilerweg 29;Haus 02;14163;1535;nein ;720;40-50%;1967413
30193008;Cecilienstr. 92;Haus 07;12683;1689;nein ;721;30-40%;2135362
30149001;Ferdinand-Schultze-Str. 128,130,132;Haus 01;13055;1494;nein ;722;20-30%;1315607
30187004;Baumschulenstr. 1;Haus 04;12437;277;nein ;723;50-60%;307908
30193022;Cecilienstr. 92;Haus 18;12683;271;nein ;724;50-60%;221267
30422003;Fischerstr. 36;Haus 01;10317;16436;ja ;725;50-60%;12187028
30051001;Mehringdamm 22;Haus 01;10961;9416;ja ;726;20-30%;3764209
30349019;Friedrich-Olbricht-Damm 16;Haus Nr. 12 - 14;13627;839;ja ;727;30-40%;338566
30108002;Turmstr. 91;Haus 02;10559;1839;ja ;728;30-40%;737113
30351010;Friedrich-Olbricht-Damm 40;Shedhalle ;13627;2428;nein ;729;> 60%;1914095
30349020;Friedrich-Olbricht-Damm 16;Haus Nr. 18;13627;842;ja ;730;30-40%;353228
30397001;Naglerstr. 1-3;Haus A ;10245;892;ja ;731;20-30%;327902
30126003;Haarlemer Str. 27;Haus 03;12359;729;nein ;732;20-30%;706456
30102002;Roedeliusplatz 1;Haus 02;10365;5004;ja ;733;10-20%;1836785
30154001;Groß-Berliner Damm 18;Haus 01;12487;7068;nein ;734;10-20%;1479558
30447002;Britzer Str. 5;Baracke 1;12439;675;ja ;735;50-60%;294579
30075004;Turmstr. 21;Haus D ;10559;3157;ja ;736;40-50%;1097006
30401002;Helmholtzstr. 37;Haus 02;12459;5635;nein ;737;20-30%;3802865
30349021;Friedrich-Olbricht-Damm 16;Haus Nr. 20 - 22;13627;872;ja ;738;30-40%;345230
30193012;Cecilienstr. 92;Haus 09;12683;10828;nein ;739;10-20%;2135362
30384002;Kiefheider Weg 72;Haus 02;13508;1785;nein ;740;30-40%;1027693
30067001;Seelenbinderstr. 99;Haus 01;12555;11681;ja ;741;20-30%;4397354
30209002;Moritzstr. 10;Haus 01b;13597;2579;nein ;742;> 60%;2397951
30385002;Robert-von-Ostertag-Str. 2;Haus 02;14163;423;nein ;743;30-40%;611817
30349023;Friedrich-Olbricht-Damm 16;Haus Nr. 28 - 30;13627;1215;ja ;744;30-40%;499851
30173001;Roedernallee 55;Haus 01;13437;2647;nein ;745;> 60%;1874107
30266005;Pablo-Picasso-Str. 4;Haus 05;13057;990;nein ;746;50-60%;1662170
30166001;Märkische Allee 181, 189;Haus 01;12681;6663;nein ;747;20-30%;3909499
30077002;Alt-Moabit 5;Haus 02;10559;2237;nein ;748;40-50%;1318273
30441006;Genslerstr. 66;Haus 06;13055;485;ja ;749;40-50%;494519
30208001;Mertensstr. 140;Haus 01;13587;894;nein ;750;20-30%;203939
30063001;Sarrazinstr. 4;Haus 01;12159;5523;nein ;751;20-30%;1186312
30126004;Haarlemer Str. 27;Haus 04;12359;1361;nein ;752;30-40%;2022063
30047001;Hanna-Renate-Laurien-Platz 1;Haus 01;12247;5018;ja ;753;30-40%;1246295
30254001;Kladower Damm 367;Haus 01;14089;1201;nein ;754;30-40%;579827
30205012;Kruppstr. 2-4;Haus 11;10557;5115;ja ;755;40-50%;2413946
30216017;Ruppiner Chaussee 240,268;Halle 17;13503;605;ja ;756;50-60%;634477
30007008;Alt-Friedrichsfelde 60;Haus 06c;10315;1224;nein ;757;20-30%;1119666
30447001;Britzer Str. 5;Baracke 3;12439;654;ja ;758;> 60%;618482
30193011;Cecilienstr. 92;Haus 08;12683;790;nein ;759;20-30%;475858
30349009;Friedrich-Olbricht-Damm 16;Personalrat ;13627;1204;ja ;760;40-50%;441202
30183001;Alt-Biesdorf 33;Haus 01;12683;1653;nein ;761;40-50%;835750
30447006;Britzer Str. 5;Baracke 6;12439;599;ja ;762;> 60%;673132
30447004;Britzer Str. 5;Baracke 4;12439;656;ja ;763;> 60%;630478
30447005;Britzer Str. 5;Baracke 5;12439;613;ja ;764;> 60%;690461
30260001;Marktstr. 13;Haus 01;10317;2171;ja ;765;40-50%;795762
30422004;Fischerstr. 36;Haus 03;10317;3029;ja ;766;50-60%;1454232
30249001;Invalidenstr. 57,58;Haus 01;10557;4549;nein ;767;50-60%;3099075
30216010;Ruppiner Chaussee 240,268;Halle 10;13503;602;ja ;768;> 60%;874406
30007003;Alt-Friedrichsfelde 60;Haus 03;10315;11065;nein ;769;20-30%;8713398
30224001;Alt-Karow 10,11;Haus 01;13125;1580;ja ;770;10-20%;338566
30212001;Poelchaustr. 1;Haus 01;12681;4776;nein ;771;30-40%;2789834
30249002;Invalidenstr. 57,58;Haus 02;10557;4629;nein ;772;50-60%;3309678
30274002;Segelfliegerdamm 42;Haus 02;12487;798;nein ;773;50-60%;903730
30189001;Berliner Allee 210;Haus 01;13088;7297;nein ;774;40-50%;3774873
30216009;Ruppiner Chaussee 240,268;Halle 09;13503;452;ja ;775;50-60%;487854
30212002;Poelchaustr. 1;Haus 02;12681;2363;nein ;776;40-50%;1683497
30423006;Fritz-Lesch-Str. 35;Haus 04;13053;2238;nein ;777;20-30%;1065015
30216016;Ruppiner Chaussee 240,268;Halle 16;13503;294;ja ;778;40-50%;318572
30007016;Alt-Friedrichsfelde 60;Haus 14;10315;779;nein ;779;10-20%;150622
30033001;Brodauer Str. 16-22;Haus 01;12621;1865;nein ;780;30-40%;1400915
30216001;Ruppiner Chaussee 240,268;Halle 01;13503;358;ja ;781;50-60%;461196
30187001;Baumschulenstr. 1;Haus 01;12437;1113;nein ;782;20-30%;1451567
30349005;Friedrich-Olbricht-Damm 16;Pforte I ;13627;466;ja ;783;30-40%;186611
30030002;Belziger Str. 52-58;Haus 02;10823;10466;ja ;784;40-50%;4533313
30075017;Turmstr. 21;Haus R ;10559;1884;ja ;785;50-60%;738446
30384001;Kiefheider Weg 72;Haus 01;13508;1390;nein ;786;30-40%;813091
30195013;Friesenstr. 16;Haus 07a;10965;309;ja ;787;20-30%;110634
30216013;Ruppiner Chaussee 240,268;Halle 13;13503;445;ja ;788;50-60%;479857
30216011;Ruppiner Chaussee 240,268;Halle 11;13503;937;ja ;789;50-60%;1210305
30005002;Albrecht-Achilles-Str. 61 - 64;Haus 02;10709;10678;ja ;790;10-20%;2484591
30191001;Brunnenstr. 175;Haus 01;10119;6153;nein ;791;40-50%;3116403
30216008;Ruppiner Chaussee 240,268;Halle 08;13503;443;ja ;792;50-60%;469193
30216018;Ruppiner Chaussee 240,268;Halle 18;13503;456;ja ;793;50-60%;490520
30426010;Scharfenberg (Insel);Haus 10;13505;421;ja ;794;40-50%;334567
30351008;Friedrich-Olbricht-Damm 40;Turnhalle ;13627;460;nein ;795;40-50%;651805
30349015;Friedrich-Olbricht-Damm 16;Haus 04;13627;2882;nein ;796;20-30%;1624848
30349004;Friedrich-Olbricht-Damm 16;AGST I a ;13627;903;ja ;797;30-40%;271919
30172002;Reinickendorfer Str. 15a-15c;Haus 02;13347;420;nein ;798;> 60%;503850
30143002;Alt-Biesdorf 58;Haus 02;12683;428;nein ;799;> 60%;367890
30351014;Friedrich-Olbricht-Damm 40;Gärtnerei ;13627;661;nein ;800;40-50%;763772
30211005;Pionierstr. 160,204;Haus 04;13589;381;nein ;801;> 60%;285248
30193025;Cecilienstr. 92;Haus 20;12683;263;nein ;802;50-60%;195941
30437003;Schumannstr. 11-14 A;Haus 03;10117;2972;ja ;803;20-30%;638476
30117001;Nauener Str. 13;Haus 01;13581;856;nein ;804;50-60%;1111668
30426017;Scharfenberg (Insel);Haus 17;13505;478;ja ;805;40-50%;394549
30216044;Ruppiner Chaussee 240,268;Haus 15;13503;1199;ja ;806;40-50%;442535
30422002;Fischerstr. 36;Haus 02;10317;986;ja ;807;50-60%;1176982
30435001;Pariser Platz 8;Brandenburger Tor ;10709;1816;ja ;808;10-20%;365224
30426023;Scharfenberg (Insel);Haus 23;13505;604;ja ;809;40-50%;195941
30264002;Oderberger Str. 24,25;Haus 02;10435;328;ja ;810;40-50%;215936
30445009;Breite Str. 30-37;Haus 08;10178;1700;ja ;811;40-50%;814423
30251002;Josef-Orlopp-Str. 69;Haus 02;10365;607;nein ;812;50-60%;793097
30143001;Alt-Biesdorf 58;Haus 01;12683;395;ja ;813;30-40%;158619
30235001;Edinburger Str. 7;Haus 01;13349;3923;ja ;814;20-30%;1073013
30193024;Cecilienstr. 92;Haus 19;12683;898;nein ;815;40-50%;811758
30193021;Cecilienstr. 92;Haus 17;12683;1051;nein ;816;50-60%;518512
30175001;Johannisthaler Chaussee 222;Haus 01;12351;2685;nein ;817;20-30%;2120700
30240002;Betckestr. 13;Haus 02;13595;259;nein ;818;> 60%;349229
30426012;Scharfenberg (Insel);Haus 12;13505;434;ja ;819;40-50%;290580
30172001;Reinickendorfer Str. 15a-15c;Haus 01;13347;4625;nein ;820;20-30%;2768507
30007020;Alt-Friedrichsfelde 60;Haus 18;10315;7436;nein ;821;30-40%;4594628
30467006;Zum Heckeshorn 30;Haus D ;14109;9373;nein ;822;50-60%;4877210
30467005;Zum Heckeshorn 30;Haus C ;14109;7761;nein ;823;50-60%;3976146
30426011;Scharfenberg (Insel);Haus 11;13505;447;ja ;824;40-50%;383885
30193015;Cecilienstr. 92;Haus 11;12683;9393;nein ;825;40-50%;5346404
30213006;Radelandstr. 21;Haus 06;13589;2256;nein ;826;30-40%;2724520
30426013;Scharfenberg (Insel);Haus 13;13505;431;ja ;827;40-50%;398548
30196003;Gallwitzallee 87,95;Haus 03;12249;461;nein ;828;> 60%;743778
30179002;Voltairestr. 2;Haus 02;10179;1007;nein ;829;50-60%;875739
30173002;Roedernallee 55;Haus 02;13437;280;nein ;830;> 60%;426539
30268001;Paulsternstr. 34;Haus 01;13629;881;nein ;831;20-30%;514513
30007019;Alt-Friedrichsfelde 60;Haus 17;10315;4258;nein ;832;30-40%;3320342
30219001;Wassersportallee 56,58;Haus 01;12527;2397;nein ;833;40-50%;1510216
30467007;Zum Heckeshorn 30;Haus E ;14109;4713;nein ;834;40-50%;2785835
30426016;Scharfenberg (Insel);Haus 16;13505;464;ja ;835;30-40%;359893
30258001;Kummerower Ring 80;Haus 01;12619;1847;nein ;836;10-20%;1566199
30207003;Magazinstr. 5;Haus 03;10179;1236;ja ;837;50-60%;1006366
30007009;Alt-Friedrichsfelde 60;Haus 07;10315;822;nein ;838;40-50%;729116
30467013;Zum Heckeshorn 30;Haus F ;14109;2485;nein ;839;> 60%;1436904
30400005;Birkenstr. 11;Haus 05;12559;1606;nein ;840;20-30%;1018363
30474001;Bundesallee 171;Haus 01;10715;19200;nein ;841;50-60%;9245239
30192003;Bulgarische Str. 55;Haus 03;12435;315;nein ;842;50-60%;267920
30400004;Birkenstr. 11;Haus 04;12559;328;nein ;843;50-60%;247926
30212003;Poelchaustr. 1;Haus 03;12681;1425;nein ;844;30-40%;1150323
30193006;Cecilienstr. 92;Haus 05;12683;5330;nein ;845;50-60%;3992141
30267001;Parkstr. 38-39;Haus 01;13086;4131;ja ;846;30-40%;1120999
30495001;Staakener Str. 79;Haus 01;13583;1856;nein ;847;50-60%;1444902
30168007;Nikolaus-Groß-Weg 2;Haus 07;13627;5411;nein ;848;30-40%;2833821
30480004;Otto-Braun-Str. 70-72;BT D ;10178;13526;nein ;849;50-60%;7069889
30480001;Otto-Braun-Str. 70-72;BT A ;10178;10596;nein ;850;50-60%;5656978
30503001;Derfflinger Str. 7,8;Haus 01;10785;14066;nein ;851;40-50%;7653715
30276002;Sewanstr. 262;Garage ;10319;631;nein ;852;50-60%;813091
30496002;Kirchhainer Damm 74;Haus 02;12309;2989;nein ;853;50-60%;1648841
30193029;Cecilienstr. 92;Haus 24;12683;268;nein ;854;> 60%;390550
30462017;Seidelstr. 39;30;13507;4619;nein ;855;20-30%;1095673
30189002;Berliner Allee 210;Haus 02;13088;278;nein ;856;50-60%;246593
30216030;Ruppiner Chaussee 240,268;Haus 01 M;13503;533;ja ;857;40-50%;171949
30441005;Genslerstr. 66;Haus 05;13055;843;ja ;858;30-40%;522511
30208005;Mertensstr. 140;Haus 05;13587;348;nein ;859;> 60%;258589
30496004;Kirchhainer Damm 74;Haus 04;12309;2148;nein ;860;40-50%;1239630
30228002;Berliner Str. 16;Haus 02;13507;425;nein ;861;> 60%;438536
30462040;Seidelstr. 39;29;13507;2598;nein ;862;20-30%;694459
30493002;Carola-Neher-Str. 65 / Maxie-Wander-Str. 78;Haus 02;12619;3644;nein ;863;20-30%;1752810
30245003;Idastr. 6;Haus 03;13156;457;nein ;864;30-40%;577161
30216031;Ruppiner Chaussee 240,268;Haus 01 R;13503;578;ja ;865;40-50%;225266
30496001;Kirchhainer Damm 74;Haus 01;12309;1471;nein ;866;50-60%;943718
30480002;Otto-Braun-Str. 70-72;BT B ;10178;7211;nein ;867;50-60%;4366696
30220003;Wedekindstr. 10;Haus 03;10243;3595;ja ;868;40-50%;1242296
30496003;Kirchhainer Damm 74;Haus 03;12309;707;nein ;869;> 60%;510514
30480003;Otto-Braun-Str. 70-72;BT C ;10178;7055;nein ;870;50-60%;4376027
30157001;Hausvaterweg 16;Haus 01;13057;1607;nein ;871;20-30%;1380921
30242002;Hadlichstr. 37;Haus 02;13187;711;nein ;872;30-40%;966378
30220004;Wedekindstr. 10;Haus 04;10243;2826;ja ;873;40-50%;994370
30168006;Nikolaus-Groß-Weg 2;Haus 06;13627;2683;nein ;874;20-30%;570496
30007018;Alt-Friedrichsfelde 60;Haus 16;10315;2713;nein ;875;40-50%;3378991
30467003;Zum Heckeshorn 30;Haus U ;14109;1852;nein ;876;40-50%;1356928
30467004;Zum Heckeshorn 30;Haus V ;14109;1689;nein ;877;40-50%;1256958
30477011;WRD Feuerwehr SILB;30304 - Haus 01;14129;263;nein ;878;> 60%;194609
30494001;Alt-Moabit 82 B;Haus 01;10555;2938;nein ;879;20-30%;1089008
30455002;Turmstr. 86;Haus 02;10559;1186;ja ;880;40-50%;474525
30176001;Schieritzstr. 24,26;Haus 01;10409;1077;nein ;881;10-20%;941052
30455001;Turmstr. 86;Haus 01;10559;5944;ja ;882;30-40%;2130031
30454007;Ernst-Stargardt-Allee 1;Haus 07;14979;11917;nein ;883;10-20%;4705262
30192002;Bulgarische Str. 55;Haus 02;12435;274;nein ;884;40-50%;391883
30360001;Gendarmenmarkt 1-2;Haus 01;10117;6158;ja ;885;10-20%;1148990
30474003;Bundesallee 171;Haus 03;10715;2211;nein ;886;50-60%;1274286
30211006;Pionierstr. 160,204;Haus ABC ;13589;398;nein ;887;> 60%;309241
30472003;Fröbelstr. 17;Haus 04;10405;1995;ja ;888;30-40%;533174
30461021;Alt-Moabit 12a;Haus 21;10559;431;nein ;889;10-20%;83975
30212004;Poelchaustr. 1;Haus 04;12681;1419;nein ;890;20-30%;1776803
30405005;Goldbeckweg 8-14;Haus 05;13599;282;nein ;891;30-40%;129295
30488003;Wolfgang-Heinz-Str. 45 A-G;Haus 03;13125;5752;nein ;892;10-20%;1639510
30356002;Müllerstr. 147;Haus 02;13353;389;ja ;893;10-20%;75977
30490002;Paul-Schwenk-Str. 3,5,7,9,11,13,15;Haus 02;12685;5752;nein ;894;10-20%;1639510
30493001;Carola-Neher-Str. 65 / Maxie-Wander-Str. 78;Haus 01;12619;3678;nein ;895;10-20%;2360628
30454001;Ernst-Stargardt-Allee 1;Haus 01;14979;6315;nein ;896;10-20%;1778136
30454003;Ernst-Stargardt-Allee 1;Haus 03;14979;6315;nein ;897;10-20%;1778136
30454002;Ernst-Stargardt-Allee 1;Haus 02;14979;6315;nein ;898;10-20%;1778136
30419002;Schillerstr. 120;Haus 02;10625;3336;nein ;899;20-30%;1591525
30503003;Derfflinger Str. 7,8;Haus 03;10785;884;ja ;900;40-50%;325236
30194070;Charlottenburger Chaussee 67,75;Haus 25;13597;2395;nein ;901;10-20%;461196
30454009;Ernst-Stargardt-Allee 1;Haus 09;14979;2854;nein ;902;10-20%;679797
30454004;Ernst-Stargardt-Allee 1;Haus 04;14979;2564;nein ;903;10-20%;519845
30027002;Am Köllnischen Park 3;Haus 02;10179;4970;nein ;904;50-60%;2697861
30454008;Ernst-Stargardt-Allee 1;Haus 08;14979;2368;nein ;905;10-20%;497185
30194072;Charlottenburger Chaussee 67,75;Haus 26;13597;1972;nein ;906;10-20%;377221
30437005;Schumannstr. 11-14 A;Haus 05;10117;4126;ja ;907;20-30%;1414244
30216067;Ruppiner Chaussee 240,268;Haus 20;13503;824;nein ;908;20-30%;206605
30491003;Wittenberger Str. 16, 16 A-C, 18, 18 A-B;Haus 03;12689;4308;nein ;909;10-20%;1256958
30491002;Wittenberger Str. 16, 16 A-C, 18, 18 A-B;Haus 02;12689;4308;nein ;910;10-20%;1256958
30489003;Wartenberger Str. 120, 120 A-F;Haus 03;13053;4308;nein ;911;10-20%;1256958
30489002;Wartenberger Str. 120, 120 A-F;Haus 02;13053;4308;nein ;912;10-20%;1256958
30007017;Alt-Friedrichsfelde 60;Haus 15;10315;379;nein ;913;20-30%;447866
30485002;Albert-Kuntz-Str. 61,63,65,67,69,71,73;Haus 02;12627;4308;nein ;914;10-20%;1439570
30485003;Albert-Kuntz-Str. 61,63,65,67,69,71,73;Haus 03;12627;4308;nein ;915;10-20%;1439570
30454006;Ernst-Stargardt-Allee 1;Haus 06;14979;1616;nein ;916;10-20%;362558
30487003;Rudolf-Leonhard-Str. 13, 13 A-F;Haus 03;12679;4308;nein ;917;10-20%;1256958
30487002;Rudolf-Leonhard-Str. 13, 13 A-F;Haus 02;12679;4308;nein ;918;10-20%;1256958
30145001;Blenheimstr. 65,67;Haus 01;12685;1049;ja ;919;10-20%;691793
30483002;Leonorenstr. 33 B;MUF 02 - 33 C-E;12247;3453;nein ;920;10-20%;1009032
30483003;Leonorenstr. 33 B;MUF 03 - 33 F-H;12247;3453;nein ;921;10-20%;1009032
30454010;Ernst-Stargardt-Allee 1;Haus 10;14979;1456;nein ;922;10-20%;438536
30499001;Klosterstr. 71;Haus 01;10179;4982;nein ;923;20-30%;2236665
30497001;Storkower Str. 139 C;Haus 01;10407;5283;nein ;924;20-30%;3308345
30450001;Gatower Str. 333;Haus 01;14089;844;nein ;925;10-20%;187944
30488002;Wolfgang-Heinz-Str. 45 A-G;Haus 02;13125;2875;nein ;926;10-20%;875739
30454005;Ernst-Stargardt-Allee 1;Haus 05;14979;1832;nein ;927;10-20%;499851
30490003;Paul-Schwenk-Str. 3,5,7,9,11,13,15;Haus 03;12685;2875;nein ;928;10-20%;875739
30331001;Turmstr. 22;Bauteil C ;10559;5961;ja ;929;10-20%;1268954
30194073;Charlottenburger Chaussee 67,75;Haus 27;13597;6348;nein ;930;10-20%;2668537
30197002;Gothaer Str. 19;Neubau ;10823;4235;ja ;931;20-30%;1360927
30496005;Kirchhainer Damm 74;Haus 05;12309;412;nein ;932;50-60%;458530
30448006;Parkaue 23-29;Haus 02;10367;2450;ja ;933;> 60%;1390252
30208006;Mertensstr. 140;Haus 06;13587;290;nein ;934;> 60%;394549
30483004;Leonorenstr. 33 B;MUF 04 - 33 K-L;12247;1734;nein ;935;10-20%;531841
30484001;Poststr. 13,14;Haus 01;10178;3930;ja ;936;20-30%;801094
30216002;Ruppiner Chaussee 240,268;Halle 02;13503;383;ja ;937;50-60%;402546
30477001;WRD Feuerwehr SILB;30226 - Haus 01;12589;343;nein ;938;10-20%;79976
30485001;Albert-Kuntz-Str. 61,63,65,67,69,71,73;Haus 01;12627;648;nein ;939;10-20%;221267
30423007;Fritz-Lesch-Str. 35;Haus 05;13053;6621;nein ;940;20-30%;1772804
30491001;Wittenberger Str. 16, 16 A-C, 18, 18 A-B;Haus 01;12689;576;nein ;941;10-20%;183945
30490001;Paul-Schwenk-Str. 3,5,7,9,11,13,15;Haus 01;12685;576;nein ;942;10-20%;183945
30487001;Rudolf-Leonhard-Str. 13, 13 A-F;Haus 01;12679;576;nein ;943;10-20%;183945
30387001;Pasewalker Str. 120;Haus 01;13127;1533;nein ;944;10-20%;318572
30483001;Leonorenstr. 33 B;MUF 01 - 33 B;12247;648;nein ;945;10-20%;222600
30489001;Wartenberger Str. 120, 120 A-F;Haus 01;13053;648;nein ;946;10-20%;222600
30488001;Wolfgang-Heinz-Str. 45 A-G;Haus 01;13125;648;nein ;947;10-20%;222600
30413006;Erich-Weinert-Str. 103;Haus 04;10409;2765;nein ;948;10-20%;683796
30358009;Königin-Luise-Str. 49;Haus 09;14195;482;ja ;949;40-50%;201273
30474002;Bundesallee 171;Haus 02;10715;8997;nein ;950;20-30%;4878543
30423008;Fritz-Lesch-Str. 35;Haus 06;13053;2242;nein ;951;10-20%;501184
30486002;Kiefholzstr. 71, 71 A-C;Haus 02;12435;4308;nein ;952;20-30%;1500885
30358002;Königin-Luise-Str. 49;Haus 02;14195;1410;ja ;953;40-50%;561166
30358004;Königin-Luise-Str. 49;Haus 04;14195;315;ja ;954;40-50%;146623
30099002;Parkstr. 71;Haus 02;13086;1380;nein ;955;> 60%;1074346
30412005;Driesener Str. 22;Haus 05;10439;2210;nein ;956;20-30%;935721
30396003;Niederwallstr. 6,7;Haus 03;10117;1395;ja ;957;10-20%;259922
30105001;Schönstedtstr. 17;Haus 01;12043;2440;ja ;958;20-30%;1117000
30486001;Kiefholzstr. 71, 71 A-C;Haus 01;12435;339;nein ;959;20-30%;126629
30464002;Pfalzburger Str. 30;Haus 02;10719;3130;nein ;960;10-20%;898398
30253001;Karlstr. 8;Haus 01;12557;2963;nein ;961;20-30%;1743479
30503002;Derfflinger Str. 7,8;Haus 02;10785;1711;nein ;962;40-50%;1819457
30132002;Loschmidtstr. 19;Haus 02;10587;614;nein ;963;20-30%;242594
30133005;Nonnendammallee 140-143;Haus 05;13599;519;nein ;964;40-50%;761106
30500002;Josef-Orlopp-Str. 62;Haus 03;10365;6323;nein ;965;20-30%;3303014
30482001;Ferdinand-Schultze-Str. 55;Haus 01;13055;6880;nein ;966;20-30%;4424012
30411007;Kniprodestr. 27;Haus 07;10407;3918;nein ;967;40-50%;3133731
30502009;Teltower Damm 87-101;Bauteil C4;14167;3699;nein ;968;40-50%;1382254
30007005;Alt-Friedrichsfelde 60;Haus 05;10315;2768;nein ;969;20-30%;1807460
30500001;Josef-Orlopp-Str. 62;Haus 01;10365;4883;nein ;970;20-30%;2755177
30477017;WRD Feuerwehr SILB;30314 - Haus 01;12527;375;nein ;971;20-30%;295912
30477015;WRD Feuerwehr SILB;30312 - Haus 01;12527;371;nein ;972;20-30%;293246
30267002;Parkstr. 38-39;Haus 02;13086;2322;ja ;973;10-20%;2136695
30502008;Teltower Damm 87-101;Bauteil B3;14167;6940;nein ;974;50-60%;4739918
30502005;Teltower Damm 87-101;Bauteil A8;14167;6371;nein ;975;50-60%;4173421
30041003;Friedrich-Krause-Ufer 24,25;Haus 03;13353;1;nein ;976;20-30%;1224968
30502002;Teltower Damm 87-101;Bauteil A2;14167;4873;nein ;977;50-60%;3177718
30093003;Mandrellaplatz 6;Haus 03;14057;2041;ja ;978;30-40%;1099672
30502007;Teltower Damm 87-101;Bauteil B2;14167;3811;nein ;979;50-60%;2837819
30502001;Teltower Damm 87-101;Bauteil A1;14167;3805;nein ;980;50-60%;3005769
30502003;Teltower Damm 87-101;Bauteil A3;14167;3725;nein ;981;50-60%;2687198
30502006;Teltower Damm 87-101;Bauteil B1;14167;2162;nein ;982;50-60%;1602188
30502010;Teltower Damm 87-101;Haus Reill ;14167;271;ja ;983;30-40%;121297
30234001;Edelweißstr. 35;Haus 01;13158;491;nein ;984;10-20%;561166
30482002;Ferdinand-Schultze-Str. 55;Haus 02;13055;404;nein ;985;20-30%;518512
30502004;Teltower Damm 87-101;Bauteil A4;14167;1231;nein ;986;40-50%;1435571
