Sanierungsfahrplan SILB gemäß Berliner Klimaschutz- und Energiewendegesetz (EWG Bln);;;;;;;;5/4/22
;;;;;;;;
"Gebäude
Nr.";Adresse;"Gebäude-
bezeichnung";PLZ;"Netto-
raum-
fläche m²";Denkmal-schutz;"Priorisierung
für weitere Sanierungs-
planungen";Einspar-potenzial Endenergie;"Grobkosten-schätzung
EURO
brutto"
30461002;Alt-Moabit 12a ;Haus 02;10559;20.857;ja;1;20-30%;4.969.183
30461003;Alt-Moabit 12a ;Haus 03;10559;10.995;nein;2;40-50%;5.093.146
30461001;Alt-Moabit 12a ;Haus 01;10559;4.913;nein;3;50-60%;3.526.947
30461004;Alt-Moabit 12a ;Haus 04;10559;5.546;ja;4;10-20%;1.119.666
30461005;Alt-Moabit 12a ;Haus 05;10559;2.905;ja;5;20-30%;1.172.983
30463001;Pfalzburger Str. 22,23;Haus 01 ;10719;8.854;nein;6;> 60%;5.651.646
30510001;Kniprodestr. 31;Haus 03 ;10407;8.040;nein;7;40-50%;4.731.920
30461015;Alt-Moabit 12a ;Haus 15;10559;429;nein;8;> 60%;1.083.676
30461006;Alt-Moabit 12a ;Haus 06;10559;2.139;nein;9;> 60%;1.184.980
30461007;Alt-Moabit 12a ;Haus 07;10559;1.596;nein;10;40-50%;901.064
30464001;Pfalzburger Str. 30;Haus 01 ;10719;5.349;nein;11;> 60%;3.410.982
30461009;Alt-Moabit 12a ;Haus 09;10559;2.167;ja;12;50-60%;869.074
30462025;Seidelstr. 39 ;18.1-4;13507;12.110;ja;13;40-50%;6.438.078
30462030;Seidelstr. 39 ;21.1-2;13507;5.805;nein;14;> 60%;3.569.601
30464003;Pfalzburger Str. 30;Haus 03 ;10719;1.917;nein;15;30-40%;1.390.252
30462026;Seidelstr. 39 ;19.0;13507;2.320;ja;16;50-60%;1.330.269
30462032;Seidelstr. 39 ;23.0;13507;1.558;nein;17;> 60%;729.116
30462037;Seidelstr. 39 ;26.0;13507;561;ja;18;20-30%;155.953
30462013;Seidelstr. 39 ;04.6-8;13507;2.252;nein;19;40-50%;2.112.703
30462015;Seidelstr. 39 ;06.1-3;13507;6.834;nein;20;30-40%;4.008.137
30462011;Seidelstr. 39 ;04.1-4;13507;7.765;nein;21;40-50%;5.381.060
30472009;Fröbelstr. 17;Heizhaus ;10405;533;ja;22;40-50%;215.936
30462014;Seidelstr. 39 ;05.1-3;13507;6.404;nein;23;30-40%;4.571.968
30462012;Seidelstr. 39 ;04.5,9;13507;643;nein;24;40-50%;919.725
30462020;Seidelstr. 39 ;14.0-1;13507;1.681;ja;25;40-50%;1.207.639
30462004;Seidelstr. 39 ;02.6;13507;1.327;ja;26;20-30%;307.908
30462006;Seidelstr. 39 ;03.6;13507;2.770;ja;27;30-40%;1.415.577
30462018;Seidelstr. 39 ;12.1-3;13507;2.704;ja;28;40-50%;1.603.521
30462001;Seidelstr. 39 ;00.1-4;13507;1.421;ja;29;40-50%;555.834
30459001;Niedstr. 1,2;Haus 01 ;12159;12.897;ja;30;20-30%;3.037.760
30472007;Fröbelstr. 17;Haus 08 ;10405;342;ja;31;40-50%;193.276
30462090;Seidelstr. 39 ;33-34.0;13507;1.476;ja;32;30-40%;619.815
30466001;Munsterdamm 90 ;Haus 01 ;12169;2.283;ja;33;> 60%;1.648.841
30462022;Seidelstr. 39 ;15.4-5;13507;1.264;ja;34;30-40%;862.409
30462024;Seidelstr. 39 ;16.0;13507;899;ja;35;30-40%;245.260
30462021;Seidelstr. 39 ;15.1-3,15.7,15.9;13507;2.569;ja;36;20-30%;2.050.055
30462005;Seidelstr. 39 ;03.1-5;13507;6.898;ja;37;20-30%;4.305.381
30462003;Seidelstr. 39 ;02.1-5;13507;7.419;ja;38;20-30%;4.525.315
30462094;Seidelstr. 39 ;40-41.0;13507;1.220;ja;39;30-40%;510.514
30462028;Seidelstr. 39 ;20.0;13507;1.775;ja;40;30-40%;1.022.361
30462092;Seidelstr. 39 ;37.0;13507;888;ja;41;30-40%;369.223
30462039;Seidelstr. 39 ;28.0;13507;877;nein;42;50-60%;702.457
30462019;Seidelstr. 39 ;13.0;13507;1.090;ja;43;30-40%;807.759
30462093;Seidelstr. 39 ;38.0;13507;787;ja;44;30-40%;337.233
30466002;Munsterdamm 90 ;Haus 02 ;12169;591;ja;45;> 60%;542.505
30039006;Fehrbelliner Platz;Haus 06 ;10707;37.001;ja;46;30-40%;11.608.534
30462098;Seidelstr. 39 ;44.0;13507;1.210;ja;47;30-40%;461.196
30472005;Fröbelstr. 17;Haus 06 ;10405;11.467;ja;48;40-50%;4.467.999
30462016;Seidelstr. 39 ;11.0-1;13507;1.279;ja;49;20-30%;643.808
30462097;Seidelstr. 39 ;43.0;13507;880;ja;50;30-40%;365.224
30462096;Seidelstr. 39 ;42.0;13507;866;ja;51;30-40%;361.225
30472006;Fröbelstr. 17;Haus 07 ;10405;3.561;ja;52;30-40%;1.458.231
30472002;Fröbelstr. 17;Haus 03 ;10405;5.086;ja;53;30-40%;2.000.736
30472001;Fröbelstr. 17;Haus 02 ;10405;5.561;ja;54;30-40%;2.143.360
30462033;Seidelstr. 39 ;24.0;13507;267;ja;55;50-60%;117.298
30465001;Luxemburger Str. 20 ;Haus 01 ;13353;3.986;ja;56;20-30%;1.668.835
30462023;Seidelstr. 39 ;15.6 und 15.8;13507;296;ja;57;20-30%;337.233
30472008;Fröbelstr. 17;Haus 09 ;10405;2.920;ja;58;30-40%;1.348.931
30472004;Fröbelstr. 17;Haus 05 ;10405;3.601;ja;59;30-40%;1.515.547
30452001;Levetzowstr. 3,5;Haus 01 ;10555;8.337;ja;60;50-60%;4.290.719
30337001;Alte Jakobstr. 128;Berlinische Galerie ;10969;12.227;nein;61;40-50%;9.342.544
30462036;Seidelstr. 39 ;25.0;13507;341;ja;62;20-30%;359.893
30467001;Zum Heckeshorn 30;Haus A ;14109;8.968;nein;63;30-40%;4.506.654
30470004;Eschenallee 3;Haus 03 ;14050;11.359;nein;64;20-30%;4.077.449
30469003;Kladower Damm 333;Bürohaus ;14089;572;nein;65;> 60%;395.882
30469001;Kladower Damm 333;Bettenhaus ;14089;614;nein;66;50-60%;457.197
30469002;Kladower Damm 333;Haupthaus ;14089;1.149;nein;67;40-50%;681.130
30462027;Seidelstr. 39 ;19.1;13507;251;ja;68;50-60%;263.921
30467002;Zum Heckeshorn 30;Haus B ;14109;1.069;nein;69;40-50%;763.772
30470003;Eschenallee 3;Haus 02 ;14050;2.528;ja;70;20-30%;914.394
30372001;Am Köllnischen Park 4 ;Haus 01 ;10179;5.280;ja;71;30-40%;2.713.856
30341002;Gendarmenmarkt 3-4;Funktionsgebäude ;10117;21.854;ja;72;30-40%;11.076.693
30470002;Eschenallee 3;Haus 01a ;14050;361;ja;73;40-50%;170.616
30470007;Eschenallee 3;Haus 06 ;14050;1.208;nein;74;20-30%;437.203
30472014;Fröbelstr. 17;Lager ;10405;621;ja;75;40-50%;234.597
30470006;Eschenallee 3;Haus 05 ;14050;485;nein;76;20-30%;175.947
30472013;Fröbelstr. 17;Turnhalle ;10405;584;ja;77;50-60%;262.588
30470001;Eschenallee 3;Haus 01 ;14050;2.479;ja;78;10-20%;501.184
30470005;Eschenallee 3;Haus 04 ;14050;650;nein;79;> 60%;619.815
30442001;Blücherplatz 1 ;Haus 01 ;10961;8.587;ja;80;50-60%;6.551.377
30359002;Herbert-von-Karajan-Str. 1;Haus 02 ;10785;21.794;ja;81;> 60%;12.477.608
30417004;Gierkeplatz 1,3;Haus 04 ;10585;581;ja;82;30-40%;243.927
30127001;Hermann-Hesse-Str. 34,36;Haus 01 ;13156;2.533;nein;83;> 60%;1.299.612
30375001;Nikolaikirchplatz 1 ;Haus 01 ;10178;4.203;ja;84;10-20%;783.766
30351005;Friedrich-Olbricht-Damm 40;Zellengebäude 8 ;13627;5.686;ja;85;30-40%;2.098.040
30335002;Möckernstr. 26;Ladestraße ;10963;12.104;ja;86;40-50%;6.567.372
30007001;Alt-Friedrichsfelde 60;Haus 01 ;10315;25.900;nein;87;30-40%;20.020.689
30344002;Trebbiner Str. 8-9;Neubau ;10963;28.363;nein;88;20-30%;13.398.666
30344003;Trebbiner Str. 8-9;Lokschuppen ;10963;8.703;ja;89;50-60%;5.631.652
30348001;Saatwinkler Damm 1A;Neubau ;13627;6.751;ja;90;20-30%;1.648.841
30334001;Hinter dem Gießhaus 2;"Probebühne + 
Verwaltung ";10117;2.483;ja;91;30-40%;1.424.908
30341001;Gendarmenmarkt 3-4;Konzerthaus ;10117;15.205;ja;92;30-40%;7.672.376
30119001;Bismarckstr. 20;Haus 01 ;10625;12.639;nein;93;50-60%;7.524.420
30409001;Wrangelstr. 98;Haus 01 ;10997;14.493;nein;94;40-50%;8.249.537
30367001;Klosterstr. 68 ;Haus 01 ;10179;5.614;ja;95;40-50%;3.465.632
30343001;Prenzlauer Allee 80;ZGP ;10405;6.724;nein;96;20-30%;3.626.917
30344005;Trebbiner Str. 8-9;Brauerei ;10963;505;ja;97;30-40%;170.616
30344001;Trebbiner Str. 8-9;Altbau ;10963;9.163;ja;98;20-30%;4.842.554
30359001;Herbert-von-Karajan-Str. 1;Haus 01 ;10785;23.243;ja;99;20-30%;9.781.079
30127002;Hermann-Hesse-Str. 34,36;Haus 02 ;13156;290;nein;100;> 60%;431.871
30139001;Prinzregentenstr. 60;Haus 01 ;10715;12.626;nein;101;> 60%;5.234.437
30371001;Am Köllnischen Park 5 ;Haus 01 ;10179;9.419;ja;102;40-50%;5.078.484
30351001;Friedrich-Olbricht-Damm 40;Zellengebäude 1-2;13627;4.338;nein;103;40-50%;3.457.634
30434001;Kurfürstendamm 153;Haus 01 ;10709;12.471;ja;104;40-50%;8.014.940
30122001;Dudenstr. 35-37;Haus 01 ;10965;11.567;nein;105;40-50%;7.281.826
30439001;Thulestr. 77-79;Haus 01 ;13189;2.954;nein;106;> 60%;1.611.519
30440001;Wrangelstr. 2 ;Haus 01 ;12165;3.041;ja;107;50-60%;1.647.508
30367002;Klosterstr. 68 ;Haus 02 ;10179;2.384;nein;108;50-60%;814.423
30345001;Invalidenstr. 60;Haus 01 ;10557;15.524;nein;109;40-50%;8.034.934
30398001;Hartmannsweilerweg 29;Haus 01 ;14163;10.782;nein;110;40-50%;6.031.532
30131001;Lippstädter Str. 9-11;Haus 01 ;12207;14.230;nein;111;20-30%;3.035.094
30349002;Friedrich-Olbricht-Damm 16;Haus 01 ;13627;5.659;ja;112;30-40%;2.024.729
30443001;Am Sandwerder 5 ;Haus 01 ;14109;2.149;ja;113;40-50%;1.246.295
30120001;Bochumer Str. 8;Haus 01 ;10555;16.728;ja;114;20-30%;3.970.814
30126001;Haarlemer Str. 27;Haus 01 ;12359;18.704;nein;115;30-40%;11.359.275
30366001;Schloßstr. 1 A ;Haus 01 ;14059;4.655;ja;116;30-40%;1.698.160
30437004;Schumannstr. 11-14 A ;Haus 04 ;10117;7.689;ja;117;20-30%;5.297.085
30425001;Wollenbergerstr. 1;Haus 01 ;13053;1.391;nein;118;30-40%;1.520.879
30128002;Immenweg 6-10;Haus 02 ;12169;8.731;nein;119;30-40%;6.627.354
30351002;Friedrich-Olbricht-Damm 40;Zellengebäude 3;13627;2.178;nein;120;40-50%;1.762.141
30358007;Königin-Luise-Str. 49;Haus 07;14195;1.966;ja;121;50-60%;713.120
30338002;Albrechtstr. 20;Alte Probebühne ;10117;1.552;ja;122;30-40%;322.570
30196007;Gallwitzallee 87,95;Haus 07 ;12249;8.496;nein;123;> 60%;3.701.561
30403001;Leinestr. 37-45;Haus 01 ;12049;8.529;ja;124;40-50%;2.092.708
30351006;Friedrich-Olbricht-Damm 40;Verwaltungsgebäude ;13627;16.988;nein;125;50-60%;11.078.026
30082001;Elßholzstr. 30-33;Haus 01 ;10781;29.374;ja;126;20-30%;7.067.223
30350005;Friedrich-Olbricht-Damm 17;Haus 05 ;13627;4.087;nein;127;30-40%;1.944.753
30196028;Gallwitzallee 87,95;Haus 24 ;12249;9.996;nein;128;> 60%;4.404.018
30374001;Colomierstr. 3 ;Haus 01 ;14109;885;ja;129;40-50%;333.234
30194015;Charlottenburger Chaussee 67,75;Haus 14 ;13597;4.539;nein;130;50-60%;2.086.044
30427001;Alt-Moabit 10;Haus 01 ;10557;15.095;nein;131;50-60%;8.624.092
30140002;Steinmetzstr. 79;Haus 02 ;10783;612;ja;132;20-30%;210.604
30400001;Birkenstr. 11;Haus 01 ;12559;9.336;nein;133;> 60%;5.274.425
30361001;Käuzchensteig 8-12;Haus 01 ;14195;2.008;ja;134;40-50%;647.807
30128001;Immenweg 6-10;Haus 01 ;12169;16.934;nein;135;20-30%;11.685.844
30437001;Schumannstr. 11-14 A ;Haus 01 ;10117;9.091;ja;136;50-60%;5.935.561
30080001;Amtsgerichtsplatz 1;Haus 01 ;14057;15.561;ja;137;20-30%;6.008.872
30204002;Königstr. 5;Haus B ;14163;4.735;nein;138;> 60%;3.368.328
30352001;Kirchhainer Damm 64 - 66;Zellengebäude ;12309;5.692;nein;139;20-30%;4.803.899
30416001;Danckelmannstr. 25-28;Haus 01 ;14059;4.631;ja;140;30-40%;1.906.098
30196030;Gallwitzallee 87,95;Haus 26 ;12249;6.577;nein;141;> 60%;3.161.723
30351004;Friedrich-Olbricht-Damm 40;Zellengebäude 6 ;13627;2.176;nein;142;20-30%;1.063.682
30416002;Danckelmannstr. 25-28;Haus 02 ;14059;5.591;nein;143;20-30%;2.517.915
30202001;Keithstr. 28;Haus 01 ;10787;12.441;ja;144;40-50%;6.083.517
30449001;Dorfstr. 3 ;Haus 01 ;25599;466;ja;145;30-40%;161.285
30126007;Haarlemer Str. 27;Haus 07 ;12359;392;nein;146;50-60%;266.587
30414003;Gustav-Adolf-Str. 66;Haus 01 ;13086;11.889;nein;147;10-20%;3.450.970
30195006;Friesenstr. 16;Haus 04 ;10965;8.667;ja;148;30-40%;3.147.060
30351003;Friedrich-Olbricht-Damm 40;Zellengebäude 4-5;13627;4.337;nein;149;20-30%;2.780.503
30350001;Friedrich-Olbricht-Damm 17;Haus 01 ;13627;3.737;nein;150;30-40%;2.645.877
30350002;Friedrich-Olbricht-Damm 17;Haus 02 ;13627;3.346;nein;151;30-40%;2.194.012
30350004;Friedrich-Olbricht-Damm 17;Haus 04 ;13627;3.396;nein;152;30-40%;2.295.315
30444001;Am Großen Wannsee 56,58 ;Haus 01 ;14109;1.824;ja;153;40-50%;1.130.329
30119002;Bismarckstr. 20;Haus 02 ;10625;1.624;nein;154;30-40%;879.737
30104001;Schönstedtstr. 5;Haus 01 ;13357;12.052;nein;155;50-60%;5.799.602
30118003;Am Fort 48 D;Haus 03 ;13591;719;nein;156;> 60%;381.220
30134001;Oschatzer Ring 13;Haus 01 ;12627;411;nein;157;10-20%;98.637
30448001;Parkaue 23-29 ;Haus 01 ;10367;12.746;ja;158;40-50%;4.530.647
30355002;Wallstr. 32;Haus B ;10179;3.552;nein;159;50-60%;2.639.212
30356001;Müllerstr. 147;Haus 01 ;13353;7.384;ja;160;10-20%;1.519.546
30358001;Königin-Luise-Str. 49;Haus 01;14195;1.363;ja;161;40-50%;1.037.024
30417001;Gierkeplatz 1,3;Haus 01 ;10585;7.453;nein;162;50-60%;5.067.820
30216046;Ruppiner Chaussee 240,268;Haus 17 ;13503;6.977;ja;163;> 60%;2.210.007
30257001;Kruppstr. 15;Haus 01 ;10557;4.549;ja;164;30-40%;2.055.386
30194001;Charlottenburger Chaussee 67,75;Haus 01 ;13597;5.044;nein;165;50-60%;3.449.637
30194002;Charlottenburger Chaussee 67,75;Haus 02 ;13597;5.046;nein;166;50-60%;3.477.628
30195027;Friesenstr. 16;"Haus 19 - 19d, 
22 - 24";10965;6.977;ja;167;50-60%;2.673.868
30123001;Erbeskopfweg 6-10;Haus 01 ;13158;3.121;nein;168;40-50%;2.154.023
30390001;Hallesches Ufer 32-38;Haus 01 ;10963;2.982;nein;169;> 60%;1.720.820
30118001;Am Fort 48 D;Haus 01 ;13591;765;nein;170;> 60%;391.883
30216034;Ruppiner Chaussee 240,268;Haus 04 ;13503;5.486;ja;171;50-60%;2.040.724
30195010;Friesenstr. 16;Haus 05 ;10965;2.219;ja;172;50-60%;862.409
30185001;Am Nordgraben 6,7,8;Haus 01 ;13437;4.743;nein;173;50-60%;3.153.725
30091001;Lehrter Str. 60;Haus 01 ;10557;2.506;ja;174;30-40%;1.006.366
30395001;Osloer Str. 23-26;Haus 01 ;13359;4.806;nein;175;30-40%;1.991.405
30121003;Cyclopstr. 1-7;Haus 03 ;13469;705;nein;176;30-40%;627.813
30130001;Kochstr. 9;Haus 01 ;10969;8.307;nein;177;> 60%;4.485.327
30216035;Ruppiner Chaussee 240,268;Haus 05 ;13503;5.452;ja;178;50-60%;2.044.723
30405004;Goldbeckweg 8-14;Haus 04 ;13599;1.395;nein;179;30-40%;1.674.167
30118002;Am Fort 48 D;Haus 02 ;13591;727;nein;180;> 60%;377.221
30404002;Rudower Str. 184;Haus 02 ;12351;946;nein;181;40-50%;449.199
30412004;Driesener Str. 22;Haus 04 ;10439;1.184;ja;182;30-40%;491.853
30002001;Klosterstr. 59;Haus 01 ;10179;26.229;ja;183;20-30%;9.077.290
30210001;Pankstr. 28;Haus 01/01a ;13357;6.431;nein;184;50-60%;3.115.070
30381001;Alfredstr. 11;Haus 01 ;10365;4.156;ja;185;20-30%;1.619.516
30357001;Parochialstr. 1-3;Haus 01 ;10179;8.399;ja;186;10-20%;1.678.166
30379003;Ollenhauerstr. 128;Haus 03 ;13403;252;nein;187;> 60%;297.245
30196001;Gallwitzallee 87,95;Haus 01 ;12249;1.462;nein;188;> 60%;1.065.015
30409002;Wrangelstr. 98;Haus 02 ;10997;5.893;nein;189;30-40%;5.117.139
30205011;Kruppstr. 2-4;Haus 10 ;10557;8.465;nein;190;50-60%;4.677.270
30433001;Kantstr. 11-12 ;Haus 01 ;10623;10.274;ja;191;50-60%;4.214.742
30358010;Königin-Luise-Str. 49;Haus 10;14195;372;ja;192;50-60%;386.551
30216032;Ruppiner Chaussee 240,268;Haus 02 ;13503;2.759;ja;193;50-60%;1.017.030
30351016;Friedrich-Olbricht-Damm 40;Haus 09 ;13627;3.165;ja;194;30-40%;903.730
30075011;Turmstr. 21;Haus M ;10559;22.982;ja;195;30-40%;5.652.979
30373001;Kantstr. 12 A ;Haus 01 ;10623;3.682;ja;196;40-50%;1.074.346
30210003;Pankstr. 28;Haus 02 ;13357;4.548;nein;197;50-60%;2.103.372
30216033;Ruppiner Chaussee 240,268;Haus 03 ;13503;5.805;ja;198;40-50%;2.343.300
30075006;Turmstr. 21;Haus G ;10559;2.421;ja;199;20-30%;491.853
30379004;Ollenhauerstr. 128;Haus 04 ;13403;534;nein;200;> 60%;469.193
30085002;Invalidenstr. 52;Haus 02 ;10557;7.196;nein;201;50-60%;3.602.924
30052001;Mohriner Allee 137;Haus 01 ;12347;2.979;nein;202;40-50%;2.371.292
30216039;Ruppiner Chaussee 240,268;Haus 09 ;13503;3.208;ja;203;40-50%;1.152.989
30348002;Saatwinkler Damm 1A;Altbau ;13627;3.339;ja;204;20-30%;1.359.594
30195001;Friesenstr. 16;Haus 01 ;10965;3.818;ja;205;40-50%;1.534.209
30445004;Breite Str. 30-37;Haus 04 ;10178;3.994;ja;206;40-50%;1.878.106
30369001;Poststr. 16 ;Haus 01 ;10178;3.461;ja;207;40-50%;1.102.338
30085001;Invalidenstr. 52;Haus 01 ;10557;5.505;ja;208;20-30%;1.795.464
30222001;Alemannenstr. 10;Haus A ;14129;1.774;ja;209;30-40%;703.790
30216040;Ruppiner Chaussee 240,268;Haus 10 ;13503;3.015;ja;210;50-60%;1.474.226
30194006;Charlottenburger Chaussee 67,75;Haus 06 ;13597;1.781;nein;211;50-60%;827.753
30129002;Klixstr. 6-7;Haus 02 ;10823;1.260;nein;212;30-40%;1.243.629
30216038;Ruppiner Chaussee 240,268;Haus 08 ;13503;3.300;ja;213;40-50%;1.167.651
30402009;Dammweg 216;Haus 11 ;12057;294;nein;214;40-50%;226.599
30220005;Wedekindstr. 10;Haus 05 ;10243;3.108;ja;215;40-50%;1.250.293
30195043;Friesenstr. 16;Haus 33 ;10965;4.103;ja;216;20-30%;1.511.549
30196029;Gallwitzallee 87,95;Haus 25 ;12249;1.194;nein;217;> 60%;621.148
30196027;Gallwitzallee 87,95;Haus 23 ;12249;6.242;nein;218;20-30%;3.880.175
30400002;Birkenstr. 11;Haus 02 ;12559;2.056;nein;219;20-30%;2.537.909
30363001;Bussardsteig 9 ;Haus 01 ;14195;1.088;ja;220;50-60%;906.396
30431001;Bismarckstr. 110 ;Haus 01 ;10625;18.256;ja;221;50-60%;11.713.836
30355003;Wallstr. 32;Haus A ;10179;3.756;nein;222;20-30%;1.616.851
30075008;Turmstr. 21;Haus J ;10559;1.430;ja;223;40-50%;474.525
30126002;Haarlemer Str. 27;Haus 02 ;12359;5.159;nein;224;20-30%;3.870.844
30416003;Danckelmannstr. 25-28;Haus 03 ;14059;441;nein;225;40-50%;677.131
30196014;Gallwitzallee 87,95;Haus 11a ;12249;1.185;nein;226;> 60%;746.444
30395009;Osloer Str. 23-26;Haus 09 ;13359;634;nein;227;20-30%;226.599
30207001;Magazinstr. 5;Haus 01 ;10179;8.060;ja;228;10-20%;1.887.436
30194007;Charlottenburger Chaussee 67,75;Haus 07 ;13597;2.232;nein;229;50-60%;1.089.008
30426006;Scharfenberg (Insel);Haus 06 ;13505;1.152;ja;230;50-60%;519.845
30436001;Linienstr. 227 ;Haus 01 ;10178;16.813;ja;231;50-60%;7.539.082
30136001;Peter-Weiss-Gasse 8;Haus 01 ;12627;9.444;nein;232;20-30%;8.168.228
30071001;Tempelhofer Damm 234;Haus 01 ;12099;5.341;nein;233;40-50%;1.762.141
30395006;Osloer Str. 23-26;Haus 06 ;13359;1.052;nein;234;> 60%;550.502
30446001;Friedrichstr. 107 ;Haus 01 ;10117;30.310;ja;235;20-30%;18.650.431
30122003;Dudenstr. 35-37;Haus 03 ;10965;932;nein;236;30-40%;1.363.593
30048001;Magdalenenstr. 25;Haus 01 ;10365;20.634;ja;237;30-40%;10.223.614
30140001;Steinmetzstr. 79;Haus 01 ;10783;6.644;ja;238;30-40%;2.447.269
30210006;Pankstr. 28;Haus 05/05a ;13357;2.920;nein;239;50-60%;1.346.265
30195002;Friesenstr. 16;Haus 02 ;10965;8.480;ja;240;30-40%;3.077.748
30407002;Lobeckstr. 76;Haus 02 ;10969;779;nein;241;40-50%;322.570
30133004;Nonnendammallee 140-143;Haus 04 ;13599;425;nein;242;30-40%;667.801
30186014;Augustaplatz 7;Haus 14 ;12203;6.491;ja;243;30-40%;2.252.661
30186001;Augustaplatz 7;Haus 11 ;12203;6.404;ja;244;30-40%;2.256.660
30056001;Potsdamer Str. 61-65;Haus 01 ;10785;7.272;nein;245;40-50%;4.194.747
30407001;Lobeckstr. 76;Haus 01 ;10969;6.130;nein;246;> 60%;3.953.486
30108001;Turmstr. 91;Haus 01 (A) ;10559;57.125;ja;247;30-40%;21.990.767
30429001;Kühleweinstr. 5;Haus 01 ;13409;26.781;nein;248;40-50%;15.679.318
30195042;Friesenstr. 16;Haus 32 ;10965;4.466;ja;249;30-40%;1.802.129
30355001;Wallstr. 32;Haus C ;10179;3.422;nein;250;50-60%;2.583.229
30407004;Lobeckstr. 76;Haus 04 ;10969;4.238;nein;251;50-60%;1.815.458
30036001;Buschkrugallee 95;Haus 01 ;12359;5.170;nein;252;40-50%;1.900.766
30206001;Lichtenrader Damm 211;Haus 01 ;12305;3.251;nein;253;30-40%;1.296.946
30210004;Pankstr. 28;Haus 03 ;13357;3.262;nein;254;30-40%;2.178.016
30203002;Koenigsallee 75;Haus 02 ;14193;843;nein;255;> 60%;542.505
30186002;Augustaplatz 7;Haus 12 ;12203;1.477;ja;256;30-40%;621.148
30336001;Alt-Treptow 1;Sternwarte ;12435;4.008;ja;257;50-60%;2.271.322
30426001;Scharfenberg (Insel);Haus 01 ;13505;1.607;ja;258;20-30%;339.899
30428001;Schwyzer Str. 6-8;Haus 01 ;13349;20.450;nein;259;40-50%;11.040.703
30204001;Königstr. 5;Haus A ;14163;4.089;nein;260;50-60%;2.811.161
30205006;Kruppstr. 2-4;Haus 06 ;10557;6.285;nein;261;10-20%;1.172.983
30133001;Nonnendammallee 140-143;Haus 01 ;13599;12.201;nein;262;20-30%;5.423.714
30394001;Pappelallee 30-31;Haus 04 ;10437;4.326;nein;263;> 60%;2.198.010
30222003;Alemannenstr. 10;Haus C ;14129;739;ja;264;30-40%;319.904
30287001;Zwickauer Damm 58;Haus 01/ 02 ;12353;3.257;nein;265;40-50%;2.663.205
30184001;Alt-Moabit 145;Haus 01 ;10557;4.987;nein;266;20-30%;2.475.261
30198001;Götzstr. 6;Haus 01 ;12099;3.486;nein;267;50-60%;2.413.946
30362001;Klingelhöferstr. 14 ;Haus 01 ;10785;3.379;ja;268;30-40%;1.090.341
30039002;Fehrbelliner Platz;Haus 02 ;10707;10.799;ja;269;30-40%;4.013.468
30276003;Sewanstr. 262;Haus 01 ;10319;2.686;nein;270;50-60%;1.787.466
30007007;Alt-Friedrichsfelde 60;Haus 06b ;10315;10.597;nein;271;20-30%;6.018.203
30335001;Möckernstr. 26;Spektrum ;10963;2.717;ja;272;40-50%;1.025.027
30200003;Hauptstr. 45;Haus 03 ;10827;277;ja;273;20-30%;90.640
30222002;Alemannenstr. 10;Haus B ;14129;1.186;ja;274;30-40%;490.520
30055001;Osloer Str. 37;Haus 01 ;13359;9.605;nein;275;50-60%;6.002.208
30195018;Friesenstr. 16;Haus 10 ;10965;12.261;ja;276;20-30%;4.603.959
30215002;Rudolstädter Str. 79,85;Haus 02 ;10713;4.221;nein;277;50-60%;2.377.957
30196017;Gallwitzallee 87,95;Haus 17 + Kantine ;12249;3.768;nein;278;50-60%;1.926.092
30168005;Nikolaus-Groß-Weg 2;Haus 05 ;13627;832;nein;279;> 60%;1.355.595
30188001;Bayernring 44;Haus 01 ;12101;5.561;nein;280;50-60%;3.645.578
30379005;Ollenhauerstr. 128;Haus 05 ;13403;284;nein;281;> 60%;318.572
30416005;Danckelmannstr. 25-28;Haus 06 ;14059;3.999;nein;282;20-30%;2.004.735
30340001;Fasanenstr. 23;Literaturhaus ;10719;1.323;ja;283;20-30%;713.120
30410001;Buschallee 23a;Haus 01 ;13088;1.393;nein;284;> 60%;670.466
30075015;Turmstr. 21;Haus P ;10559;593;ja;285;40-50%;425.206
30423002;Fritz-Lesch-Str. 35;Haus 02 ;13053;1.968;nein;286;40-50%;1.672.834
30196018;Gallwitzallee 87,95;Haus 15 ;12249;582;nein;287;> 60%;461.196
30380002;Arkonastr. 56;Bauteil 2 ;13189;3.349;nein;288;50-60%;1.839.451
30195041;Friesenstr. 16;Haus 31 ;10965;4.233;ja;289;40-50%;1.756.809
30137002;Prinzregentenstr. 32,35;Haus 01 ;10715;2.926;nein;290;20-30%;3.740.217
30423001;Fritz-Lesch-Str. 35;Haus 02 ;13053;6.697;nein;291;50-60%;5.422.381
30081001;Brunnenplatz 1;Haus 01 ;13357;12.585;ja;292;20-30%;4.490.659
30438001;Stresemannstr. 29-31 ;Haus 01 ;10963;4.587;ja;293;30-40%;2.222.003
30129001;Klixstr. 6-7;Haus 01 ;10823;6.372;nein;294;50-60%;4.513.319
30426004;Scharfenberg (Insel);Haus 04 ;13505;1.414;ja;295;50-60%;730.449
30407008;Lobeckstr. 76;Haus 08 ;10969;1.042;nein;296;50-60%;625.147
30131002;Lippstädter Str. 9-11;Haus 02 ;12207;3.198;nein;297;50-60%;3.115.070
30338001;Albrechtstr. 20;"Neue Probebühne, 
Verwaltung ";10117;2.674;ja;298;20-30%;1.101.005
30196011;Gallwitzallee 87,95;Haus 10 + 10a ;12249;2.570;nein;299;> 60%;1.380.921
30133003;Nonnendammallee 140-143;Haus 03 ;13599;2.014;nein;300;20-30%;2.756.510
30412002;Driesener Str. 22;Haus 02 ;10439;3.403;ja;301;30-40%;1.380.921
30196002;Gallwitzallee 87,95;Haus 02 ;12249;2.269;nein;302;> 60%;1.736.815
30412001;Driesener Str. 22;Haus 01 ;10439;3.384;ja;303;30-40%;1.378.255
30379001;Ollenhauerstr. 128;Haus 01 ;13403;1.706;nein;304;50-60%;1.167.651
30407005;Lobeckstr. 76;Haus 05 ;10969;2.572;ja;305;50-60%;2.004.735
30397002;Naglerstr. 1-3;Haus B;10245;5.521;ja;306;50-60%;2.632.547
30186003;Augustaplatz 7;Haus 13 ;12203;932;ja;307;30-40%;383.885
30195049;Friesenstr. 16;Haus 44 ;10965;2.243;ja;308;40-50%;803.760
30252001;Kaiserdamm 1;Haus 01 ;14057;14.036;ja;309;30-40%;4.981.179
30205001;Kruppstr. 2-4;Haus 01 ;10557;6.723;ja;310;30-40%;2.455.267
30162001;Kirchhofstr. 20;Haus 01 ;12051;5.464;nein;311;40-50%;3.028.429
30420003;Darßer Str. 97;Haus 03 ;13051;5.436;nein;312;20-30%;4.489.326
30410002;Buschallee 23a;Haus 02 ;13088;1.348;nein;313;> 60%;667.801
30187002;Baumschulenstr. 1;Haus 02 ;12437;1.596;nein;314;50-60%;1.420.909
30368001;Chausseestr. 125 ;Haus 01 ;10115;1.539;ja;315;40-50%;579.827
30220006;Wedekindstr. 10;Haus 06 ;10243;2.371;ja;316;20-30%;773.102
30158001;Heinsestr. 24;Haus 01 ;13467;2.388;ja;317;30-40%;666.468
30448003;Parkaue 23-29 ;Haus 05 ;10367;604;nein;318;> 60%;462.529
30217001;Sonnenallee 107;Haus 01 ;12045;5.662;ja;319;30-40%;2.108.704
30220001;Wedekindstr. 10;Haus 01 ;10243;2.350;ja;320;30-40%;693.126
30077001;Alt-Moabit 5;Haus 01 ;10559;2.939;nein;321;> 60%;2.194.012
30168008;Nikolaus-Groß-Weg 2;Haus 08 ;13627;4.342;nein;322;> 60%;3.151.059
30168003;Nikolaus-Groß-Weg 2;Haus 03 ;13627;6.331;nein;323;> 60%;4.374.694
30448004;Parkaue 23-29 ;Haus 06 ;10367;944;nein;324;> 60%;638.476
30350006;Friedrich-Olbricht-Damm 17;Haus 06 ;13627;3.086;nein;325;40-50%;2.196.677
30445007;Breite Str. 30-37;Haus 07 ;10178;2.415;ja;326;50-60%;1.143.659
30220002;Wedekindstr. 10;Haus 02 ;10243;2.562;ja;327;40-50%;1.005.033
30158002;Heinsestr. 24;Haus 02 ;13467;424;ja;328;40-50%;175.947
30132001;Loschmidtstr. 19;Haus 01 ;10587;5.525;ja;329;20-30%;1.327.604
30205002;Kruppstr. 2-4;Haus 02/02a/03 ;10557;15.455;ja;330;30-40%;3.749.547
30124002;Florastr. 13;Haus 02 ;12163;617;nein;331;20-30%;466.527
30379002;Ollenhauerstr. 128;Haus 02 ;13403;648;nein;332;> 60%;589.157
30142001;Bernhard-Weiß-Str. 6;Haus 01 ;10178;57.657;ja;333;10-20%;17.654.728
30196010;Gallwitzallee 87,95;Haus 09 ;12249;1.051;nein;334;> 60%;795.762
30194013;Charlottenburger Chaussee 67,75;Haus 13a/b ;13597;3.849;nein;335;> 60%;1.792.798
30185003;Am Nordgraben 6,7,8;Haus 02 ;13437;3.340;nein;336;50-60%;2.128.698
30205015;Kruppstr. 2-4;Haus 14/14a ;10557;1.463;nein;337;> 60%;1.208.972
30213008;Radelandstr. 21;Haus 07a/b/c ;13589;18.826;nein;338;> 60%;8.550.780
30205008;Kruppstr. 2-4;Haus 08/09/09a ;10557;5.348;ja;339;50-60%;3.163.056
30170001;Rankestr. 10-12;Haus 01 ;10789;3.940;nein;340;50-60%;1.718.154
30445008;Breite Str. 30-37;Haus 08;10178;2.568;ja;341;30-40%;841.082
30415002;Mandelstr. 6-8;Haus 02 ;10409;1.091;ja;342;20-30%;259.922
30229002;Bismarckstr. 111;Haus 01 ;10625;3.532;nein;343;50-60%;2.032.726
30232001;Dönhoffstr. 30,31;Haus 01 ;10318;1.569;ja;344;40-50%;661.136
30118004;Am Fort 48 D;Haus 04 ;13591;258;nein;345;> 60%;245.260
30395005;Osloer Str. 23-26;Haus 05 ;13359;587;nein;346;40-50%;963.712
30216037;Ruppiner Chaussee 240,268;Haus 07 ;13503;5.584;ja;347;40-50%;2.066.050
30395002;Osloer Str. 23-26;Haus 02 ;13359;4.776;nein;348;> 60%;3.185.715
30417002;Gierkeplatz 1,3;Haus 02 ;10585;6.604;nein;349;20-30%;3.733.552
30271001;Schmidt-Knobelsdorf-Str. 27;Haus 01 ;13581;2.715;nein;350;40-50%;1.444.902
30395007;Osloer Str. 23-26;Haus 07 ;13359;711;nein;351;50-60%;750.443
30218001;Tempelhofer Damm 12;Haus 01 ;12101;67.859;nein;352;20-30%;44.590.686
30347001;Lehrter Str. 61;Haus 03;10557;5.254;ja;353;30-40%;2.062.051
30034001;Brunnenstr. 188-190;Haus 01 ;10119;16.808;ja;354;30-40%;7.344.474
30431002;Bismarckstr. 110 ;Haus 02 ;10625;1.399;ja;355;> 60%;830.419
30135001;Ostpreußendamm 40;Haus 01 ;12207;6.765;ja;356;30-40%;1.839.451
30414004;Gustav-Adolf-Str. 66;Haus 02 ;13086;7.977;nein;357;20-30%;4.156.092
30329001;Levetzowstr. 1-2;Haus 01 ;10555;4.448;ja;358;30-40%;2.351.298
30179001;Voltairestr. 2;Haus 01 ;10179;7.349;nein;359;10-20%;1.488.889
30054001;Nonnendammallee 21;Haus 01 ;13599;10.513;nein;360;40-50%;6.327.444
30286001;Wilmsstr. 19,20;Haus 01 ;10961;2.968;nein;361;30-40%;1.051.686
30133002;Nonnendammallee 140-143;Haus 02 ;13599;11.064;nein;362;30-40%;9.719.764
30396001;Niederwallstr. 6,7;Haus 01 ;10117;2.617;ja;363;30-40%;950.383
30402003;Dammweg 216;Haus 03,06,07 ;12057;572;nein;364;50-60%;391.883
30197003;Gothaer Str. 19;Querbau ;10823;3.378;ja;365;40-50%;1.338.267
30434002;Kurfürstendamm 153;Haus 02 ;10709;2.256;ja;366;> 60%;1.139.660
30352002;Kirchhainer Damm 64 - 66;Pforte ;12309;406;nein;367;30-40%;365.224
30277001;Siemensstr. 22;Haus 01 ;12459;580;ja;368;30-40%;334.567
30037002;Auf dem Grat 2;Haus 02 ;14195;451;nein;369;30-40%;507.848
30255001;Kronprinzessinnenweg 20;Haus 01 ;14109;3.498;nein;370;50-60%;2.504.585
30205017;Kruppstr. 2-4;Haus 15 ;10557;988;nein;371;> 60%;507.848
30409003;Wrangelstr. 98;Haus 03 ;10997;12.182;ja;372;30-40%;4.109.440
30075014;Turmstr. 21;Haus O ;10559;1.484;ja;373;30-40%;447.866
30427002;Alt-Moabit 10;Haus 02 ;10557;4.100;nein;374;30-40%;3.833.522
30093002;Mandrellaplatz 6;Haus 02 ;14057;455;ja;375;40-50%;194.609
30106001;Tegeler Weg 17-20;Haus 01 ;10589;23.965;ja;376;20-30%;5.934.228
30075005;Turmstr. 21;Haus E ;10559;2.638;ja;377;40-50%;866.408
30147001;Charlottenburger Str. 10,12;Haus 01 ;14169;5.386;nein;378;30-40%;3.405.650
30407003;Lobeckstr. 76;Haus 03 ;10969;2.612;nein;379;50-60%;1.083.676
30251001;Josef-Orlopp-Str. 69;Haus 01 ;10365;2.637;nein;380;40-50%;2.263.324
30195038;Friesenstr. 16;Haus 25, 25a ;10965;2.445;ja;381;> 60%;2.300.646
30279001;Südendstr. 18a;Haus 01 ;12169;1.320;ja;382;20-30%;335.900
30445003;Breite Str. 30-37;Haus 03 ;10178;7.263;ja;383;40-50%;3.151.059
30200001;Hauptstr. 45;Haus 01 ;10827;2.919;ja;384;40-50%;1.061.017
30168001;Nikolaus-Groß-Weg 2;Haus 01 ;13627;2.437;nein;385;50-60%;2.000.736
30281001;Wackenbergstr. 81;Haus 01 ;13156;2.438;nein;386;> 60%;1.162.320
30351012;Friedrich-Olbricht-Damm 40;offener Vollzug ;13627;692;nein;387;20-30%;453.198
30083001;Grunewaldstr. 66-67;Haus 01 ;10823;11.511;ja;388;20-30%;3.291.017
30216036;Ruppiner Chaussee 240,268;Haus 06 ;13503;5.708;ja;389;40-50%;2.139.361
30041002;Friedrich-Krause-Ufer 24,25;Haus 02 ;13353;6.697;nein;390;30-40%;2.340.634
30007002;Alt-Friedrichsfelde 60;Haus 02 ;10315;15.161;nein;391;30-40%;11.748.492
30205007;Kruppstr. 2-4;Haus 07 ;10557;700;ja;392;50-60%;442.535
30346003;Lützowstr. 45;"Wohngebäude,
Werkstatt ";12307;612;nein;393;30-40%;362.558
30346001;Lützowstr. 45;"Hauptgebäude,
Verwaltung ";12307;903;nein;394;> 60%;381.220
30194017;Charlottenburger Chaussee 67,75;Haus 16 ;13597;2.184;nein;395;> 60%;1.399.582
30260002;Marktstr. 13;Haus 02 ;10317;806;ja;396;30-40%;306.575
30392003;Rheinsberger Str. 4-5;Haus 03 ;10115;384;ja;397;50-60%;470.526
30195040;Friesenstr. 16;Haus 30 ;10965;1.644;ja;398;30-40%;953.049
30153001;Gravensteinstr. 9, 4-18;Haus 01 ;13127;2.165;nein;399;> 60%;1.863.444
30445005;Breite Str. 30-37;Haus 05 ;10178;3.227;ja;400;40-50%;1.419.576
30405002;Goldbeckweg 8-14;Haus 02 ;13599;4.762;nein;401;40-50%;3.335.004
30245002;Idastr. 6;Haus 02 ;13156;340;nein;402;30-40%;222.600
30195048;Friesenstr. 16;Haus 42 ;10965;7.900;ja;403;40-50%;5.422.381
30382001;Neuwedeller Str. 4;Haus 01 ;12053;1.405;nein;404;40-50%;1.038.357
30121001;Cyclopstr. 1-7;Haus 01 ;13469;29.263;nein;405;40-50%;16.547.059
30065001;Schloßstr. 58,59;Haus 01 ;12165;5.987;nein;406;50-60%;3.884.174
30420001;Darßer Str. 97;Haus 01 ;13051;6.955;nein;407;20-30%;5.455.704
30413002;Erich-Weinert-Str. 103;Haus 02 ;10409;3.193;nein;408;10-20%;743.778
30194012;Charlottenburger Chaussee 67,75;Haus 12 ;13597;410;nein;409;50-60%;263.921
30422006;Fischerstr. 36;Haus 01 ;10317;4.896;ja;410;50-60%;3.436.307
30196008;Gallwitzallee 87,95;Haus 08 ;12249;1.392;nein;411;> 60%;1.786.133
30196009;Gallwitzallee 87,95;Haus 08a ;12249;1.234;nein;412;> 60%;1.380.921
30195011;Friesenstr. 16;Haus 06 ;10965;4.308;ja;413;30-40%;1.995.404
30421002;Fischerstr. 32;Haus 02 ;10317;1.434;ja;414;10-20%;267.920
30410003;Buschallee 23a;Haus 03 ;13088;14.193;nein;415;20-30%;11.142.006
30259003;Märkische Allee 189;Haus 03 ;12681;870;nein;416;40-50%;977.042
30193002;Cecilienstr. 92;Haus 01- 04;12683;17.737;nein;417;50-60%;11.080.691
30205005;Kruppstr. 2-4;Haus 04/05 ;10557;10.581;ja;418;30-40%;3.548.274
30044001;Havelchaussee 149-151;Haus 01 ;14055;942;nein;419;50-60%;418.542
30195047;Friesenstr. 16;Haus 41a ;10965;758;ja;420;30-40%;311.907
30225001;Alt-Rudow 67,69;Haus 01 ;12355;692;nein;421;50-60%;659.803
30175002;Johannisthaler Chaussee 222;Haus 02 ;12351;365;nein;422;> 60%;405.212
30213002;Radelandstr. 21;Haus 02 ;13589;13.463;nein;423;> 60%;6.162.160
30193014;Cecilienstr. 92;Haus 10 ;12683;4.416;nein;424;50-60%;2.505.918
30383001;Kisselnallee 19;Haus 01 ;13589;2.466;nein;425;30-40%;1.419.576
30108003;Turmstr. 91;Haus 03 (B) ;10559;12.778;nein;426;30-40%;6.876.613
30395003;Osloer Str. 23-26;Haus 03 ;13359;5.854;nein;427;20-30%;1.980.742
30194019;Charlottenburger Chaussee 67,75;Haus 18 ;13597;3.609;nein;428;30-40%;1.935.422
30370001;Poststr. 23 ;Haus 01 ;10178;871;ja;429;20-30%;333.234
30405001;Goldbeckweg 8-14;Haus 01 ;13599;11.419;nein;430;40-50%;6.772.644
30196013;Gallwitzallee 87,95;Haus 11 ;12249;964;nein;431;> 60%;1.275.619
30406002;Alt-Stralau 40-41;Haus 02 ;13599;1.152;nein;432;20-30%;1.392.917
30093001;Mandrellaplatz 6;Haus 01 ;12555;5.744;ja;433;20-30%;1.995.404
30421001;Fischerstr. 32;Haus 01 ;10317;3.486;nein;434;20-30%;2.532.577
30089001;Karl-Marx-Str. 77;Haus 01 ;12043;9.175;ja;435;20-30%;3.442.972
30259001;Märkische Allee 189;Haus 01 ;12681;531;nein;436;50-60%;706.456
30168002;Nikolaus-Groß-Weg 2;Haus 02 ;13627;2.444;nein;437;50-60%;2.222.003
30196006;Gallwitzallee 87,95;Haus 06 ;12249;1.260;nein;438;> 60%;1.795.464
30244001;Heinrich-Grüber-Str. 35;Haus 01 ;12621;1.892;nein;439;20-30%;839.749
30413001;Erich-Weinert-Str. 103;Haus 01 ;10409;4.549;nein;440;40-50%;2.523.247
30239001;Goethestr. 7;Haus 01 ;12207;1.828;ja;441;40-50%;1.307.610
30041001;Friedrich-Krause-Ufer 24,25;Haus 01 ;13353;9.424;ja;442;40-50%;5.129.135
30445001;Breite Str. 30-37;Haus 01 ;10178;2.664;ja;443;30-40%;1.025.027
30071002;Tempelhofer Damm 234;Haus 02 ;12099;5.317;nein;444;30-40%;3.697.563
30084001;Hardenbergstr. 31;Haus 01 ;10623;13.793;ja;445;20-30%;4.921.197
30266001;Pablo-Picasso-Str. 4;Haus 01 ;13057;4.606;nein;446;40-50%;2.772.505
30130002;Kochstr. 9;Haus 02 ;10969;701;nein;447;30-40%;863.742
30090001;Kissingenstr. 5,6;Haus 01 ;13189;6.611;ja;448;30-40%;2.401.949
30194020;Charlottenburger Chaussee 67,75;Haus 19 ;13597;8.662;nein;449;50-60%;5.525.017
30335003;Möckernstr. 26;Ladestraße mit Ruine ;10963;3.350;ja;450;50-60%;1.310.275
30412003;Driesener Str. 22;Haus 03 ;10439;1.075;ja;451;30-40%;422.541
30351015;Friedrich-Olbricht-Damm 40;GaLa-Bau;13627;803;ja;452;20-30%;190.610
30194023;Charlottenburger Chaussee 67,75;Haus 22 ;13597;601;nein;453;> 60%;327.902
30445006;Breite Str. 30-37;Haus 06 ;10178;2.272;ja;454;40-50%;1.062.349
30197001;Gothaer Str. 19;Altbau ;10823;10.724;ja;455;30-40%;4.094.777
30148001;Dorfstr. 4;Haus 01 ;13059;1.063;nein;456;50-60%;582.493
30200002;Hauptstr. 45;Haus 02 ;10827;1.066;ja;457;20-30%;775.768
30156003;Hauptstr. 14;Haus 03 ;13159;357;ja;458;40-50%;289.247
30415001;Mandelstr. 6-8;Haus 01 ;10409;8.251;ja;459;30-40%;1.744.812
30391001;Allee der Kosmonauten 18;Haus 01 ;10315;3.464;nein;460;30-40%;2.717.855
30165001;Mädewalder Weg 21,23;Haus 01 ;12621;741;nein;461;> 60%;473.192
30046001;Klosterstr. 47;Haus 01 ;10179;41.641;ja;462;20-30%;22.407.976
30391003;Allee der Kosmonauten 18;Haus 03 ;10315;1.501;nein;463;30-40%;1.970.078
30263001;Nipkowstr. 23;Haus 01 ;12489;1.844;nein;464;> 60%;1.046.354
30101001;Ringstr. 9;Haus 01 ;12203;6.460;ja;465;20-30%;2.477.927
30170002;Rankestr. 10-12;Haus 02 ;10789;325;nein;466;50-60%;313.240
30448002;Parkaue 23-29 ;Haus 04 ;10367;321;ja;467;> 60%;334.567
30195015;Friesenstr. 16;Haus 09 ;10965;802;ja;468;30-40%;307.908
30244006;Heinrich-Grüber-Str. 35;Haus 06 ;12621;1.804;nein;469;> 60%;1.102.338
30150001;Feurigstr. 58;Haus 01 ;10827;4.872;ja;470;30-40%;1.603.521
30196031;Gallwitzallee 87,95;Haus 27 ;12249;347;nein;471;> 60%;358.560
30391004;Allee der Kosmonauten 18;Haus 04 ;10315;3.434;nein;472;30-40%;1.987.407
30194009;Charlottenburger Chaussee 67,75;Haus 09 ;13597;714;nein;473;> 60%;1.156.988
30227001;Wiener Str. 64;Haus 01 ;10999;3.350;nein;474;20-30%;2.331.304
30122002;Dudenstr. 35-37;Haus 02 ;10965;1.034;nein;475;20-30%;938.386
30398003;Hartmannsweilerweg 29;Haus 03 ;14163;931;nein;476;30-40%;1.202.308
30237003;Friedenstr. 31-32;Haus 03 ;10249;817;nein;477;> 60%;637.143
30429003;Kühleweinstr. 5;Haus 03 ;13409;3.689;nein;478;50-60%;3.089.744
30099001;Parkstr. 71;Haus 01 ;13086;3.719;ja;479;30-40%;1.535.542
30264001;Oderberger Str. 24,25;Haus 01 ;10435;2.095;ja;480;40-50%;1.148.990
30385001;Robert-von-Ostertag-Str. 2;Haus 01 ;14163;8.226;nein;481;20-30%;2.585.895
30381002;Alfredstr. 11;Haus 02 ;10365;3.857;ja;482;10-20%;942.385
30424001;Marktstr. 2-3;Haus 03 ;10317;7.700;ja;483;30-40%;3.385.656
30194016;Charlottenburger Chaussee 67,75;Haus 15 ;13597;382;nein;484;> 60%;317.239
30108004;Turmstr. 91;Haus 04 (C/D) ;10559;11.868;nein;485;20-30%;6.749.985
30209001;Moritzstr. 10;Haus 01a ;13597;6.961;nein;486;> 60%;3.864.180
30045001;Juliusstr. 67;Haus 01 ;12051;2.317;nein;487;50-60%;1.595.524
30075010;Turmstr. 21;Haus L ;10559;6.658;ja;488;30-40%;2.493.922
30195033;Friesenstr. 16;Haus 20a ;10965;410;ja;489;> 60%;366.557
30213013;Radelandstr. 21;Haus 10 ;13589;3.122;nein;490;50-60%;1.947.419
30192001;Bulgarische Str. 55;Haus 01 ;12435;4.969;nein;491;40-50%;2.693.862
30392002;Rheinsberger Str. 4-5;Haus 02 ;10115;3.001;ja;492;40-50%;1.747.478
30057001;Potsdamer Str. 186;Haus 01 ;10783;10.058;ja;493;30-40%;4.823.893
30349003;Friedrich-Olbricht-Damm 16;Verwaltung I ;13627;2.529;ja;494;40-50%;1.287.616
30151001;Gasteiner Str. 19-20;Haus 01 ;10717;3.721;ja;495;20-30%;895.733
30195016;Friesenstr. 16;Haus 09a ;10965;1.027;ja;496;30-40%;338.566
30346002;Lützowstr. 45;Haus 02;12307;955;nein;497;20-30%;298.578
30269001;Remstaler Str. 9;Haus 01 ;13465;520;nein;498;> 60%;262.588
30163001;Krampenburger Weg 1,3;Haus 01 ;12559;342;nein;499;> 60%;311.907
30420002;Darßer Str. 97;Haus 02 ;13051;5.157;nein;500;20-30%;2.925.793
30049001;Martin-Buber-Str. 20,21;Haus 01 ;14163;10.663;nein;501;40-50%;4.681.269
30146001;Borussiastr. 16,17;Haus 01 ;12103;3.050;nein;502;> 60%;2.162.021
30392005;Rheinsberger Str. 4-5;Haus 05 ;10115;1.867;nein;503;> 60%;989.038
30216054;Ruppiner Chaussee 240,268;Zoll-GKSt;13503;2.325;nein;504;50-60%;2.055.386
30053001;Nöldnerstr. 35;Haus 01 ;10317;6.373;nein;505;20-30%;3.877.509
30237001;Friedenstr. 31-32;Haus 01 ;10249;852;ja;506;30-40%;314.573
30208002;Mertensstr. 140;Haus 02 ;13587;1.089;nein;507;> 60%;778.434
30416004;Danckelmannstr. 25-28;Haus 04 ;14059;270;nein;508;40-50%;385.218
30156001;Hauptstr. 14;Haus 01 ;13159;503;ja;509;30-40%;159.952
30038001;Eichborndamm 208;Haus 01 ;13403;13.053;nein;510;40-50%;10.478.205
30428002;Schwyzer Str. 6-8;Haus 02 ;13349;726;nein;511;20-30%;702.457
30246001;Im Domstift 22;Haus 01 ;12309;1.274;nein;512;30-40%;626.480
30432002;Marzahner Chaussee 231;Haus 02 ;12681;1.401;nein;513;40-50%;1.482.224
30350007;Friedrich-Olbricht-Damm 17;Haus 07 ;13627;8.184;nein;514;30-40%;5.043.827
30171002;Rathausstr. 70,72;Haus 02 ;12105;1.133;ja;515;40-50%;635.810
30430001;Spandauer Damm 19;Haus 01 ;14059;3.274;ja;516;30-40%;1.512.882
30432001;Marzahner Chaussee 231;Haus 01 ;12681;7.880;nein;517;30-40%;6.628.687
30043001;Friedrichstr. 219;Haus 01 ;10969;23.483;nein;518;50-60%;11.082.024
30069001;Storkower Str. 97;Haus 01 ;10407;7.301;nein;519;20-30%;3.981.478
30410004;Buschallee 23a;Haus 04 ;13088;3.461;nein;520;20-30%;1.888.769
30125001;Goltzstr. 43-44;Haus 01 ;10781;1.423;ja;521;20-30%;563.832
30213003;Radelandstr. 21;Haus 03 ;13589;633;nein;522;> 60%;381.220
30195008;Friesenstr. 16;Haus 04b ;10965;272;ja;523;50-60%;290.580
30075007;Turmstr. 21;Haus H ;10559;1.453;ja;524;30-40%;629.145
30031001;Bismarckstr. 48;Haus 01 ;10627;18.635;ja;525;30-40%;10.944.732
30168004;Nikolaus-Groß-Weg 2;Haus 04 ;13627;1.133;nein;526;30-40%;1.324.938
30441001;Genslerstr. 66 ;Haus 01 ;13055;6.547;ja;527;50-60%;2.463.264
30350008;Friedrich-Olbricht-Damm 17;Haus 06 ;13627;664;nein;528;50-60%;563.832
30171001;Rathausstr. 70,72;Haus 01 ;12105;2.395;ja;529;40-50%;954.382
30413003;Erich-Weinert-Str. 103;Haus 03 ;10409;1.115;nein;530;20-30%;906.396
30414008;Gustav-Adolf-Str. 66;Haus 03 ;13086;1.059;nein;531;40-50%;929.056
30194010;Charlottenburger Chaussee 67,75;Haus 10 ;13597;490;nein;532;40-50%;558.500
30195046;Friesenstr. 16;Haus 41 ;10965;1.294;ja;533;40-50%;531.841
30177001;Selchowstr. 4;Haus 01 ;12489;752;nein;534;> 60%;451.865
30228001;Berliner Str. 16;Haus 01 ;13507;3.779;nein;535;50-60%;2.599.224
30245001;Idastr. 6;Haus 01 ;13156;2.221;nein;536;30-40%;1.384.920
30428003;Schwyzer Str. 6-8;Haus 03 ;13349;3.051;nein;537;30-40%;2.279.319
30240001;Betckestr. 13;Haus 01 ;13595;2.572;nein;538;20-30%;1.808.793
30349014;Friedrich-Olbricht-Damm 16;Kesselhaus ;13627;1.315;ja;539;30-40%;509.181
30282001;Wendenschloßstr. 348;Haus 01 ;12557;1.883;nein;540;> 60%;2.134.029
30285001;Wilhelm-von-Siemens-Str. 15;Haus 01 ;12277;3.497;nein;541;30-40%;2.385.954
30144001;Alt-Blankenburg 9;Haus 01 ;13129;881;ja;542;30-40%;339.899
30108005;Turmstr. 91;Haus 05 (E) ;10559;3.070;nein;543;40-50%;1.752.810
30039003;Fehrbelliner Platz;Haus 03 ;10707;9.108;ja;544;20-30%;2.064.717
30124001;Florastr. 13;Haus 01 ;12163;3.276;nein;545;30-40%;2.139.361
30037001;Auf dem Grat 2;Haus 01 ;14195;3.401;nein;546;50-60%;1.422.242
30155001;Hackbuschstr. 65;Haus 01 ;13591;921;nein;547;50-60%;734.447
30447007;Britzer Str. 5 ;Baracke 13 ;12439;906;ja;548;> 60%;698.458
30431003;Bismarckstr. 110 ;Haus 03 ;10625;1.325;nein;549;50-60%;823.754
30426015;Scharfenberg (Insel);Haus 15 ;13505;735;ja;550;30-40%;326.569
30062001;Salzburger Str. 21-25;Haus 01 ;10825;20.079;ja;551;20-30%;8.600.099
30242001;Hadlichstr. 37;Haus 01 ;13187;3.382;nein;552;> 60%;2.293.982
30196005;Gallwitzallee 87,95;Haus 05 ;12249;1.833;nein;553;30-40%;2.239.331
30261001;Mühlenweg 8;Haus 01 ;12589;276;nein;554;> 60%;227.932
30070001;Straßburger Str. 56;Haus 01 ;10405;4.359;nein;555;> 60%;3.284.353
30028001;An der Urania 4-10;Haus 01 ;10787;16.400;nein;556;50-60%;9.598.467
30180001;Waltersdorfer Str. 107;Haus 01 ;12526;669;nein;557;> 60%;406.545
30141001;Mehringdamm 110;Haus 01 ;10961;9.769;nein;558;20-30%;5.704.963
30216029;Ruppiner Chaussee 240,268;Haus 01 L ;13503;414;ja;559;40-50%;166.617
30266003;Pablo-Picasso-Str. 4;Haus 03 ;13057;1.380;nein;560;30-40%;1.042.355
30429002;Kühleweinstr. 5;Haus 02 ;13409;2.213;nein;561;40-50%;1.806.127
30408004;Straßmannstr. 14-16;Haus 04 ;10249;7.164;ja;562;30-40%;1.744.812
30236001;Frankenbergstr. 23;Haus 01 ;12589;391;nein;563;> 60%;233.264
30075009;Turmstr. 21;Haus K ;10559;9.284;ja;564;20-30%;3.841.520
30194003;Charlottenburger Chaussee 67,75;Haus 03 ;13597;5.041;nein;565;50-60%;2.844.484
30032001;Bredtschneiderstr. 5;Haus 01 ;14057;12.776;nein;566;50-60%;8.461.473
30128004;Immenweg 6-10;Haus 04 ;12169;816;nein;567;10-20%;457.197
30169001;Pölnitzweg 3,5;Haus 01 ;13125;895;nein;568;30-40%;486.521
30193016;Cecilienstr. 92;Haus 12 ;12683;644;nein;569;50-60%;522.511
30327001;Alt-Heiligensee 68;Haus 01 ;13503;426;ja;570;30-40%;163.951
30205014;Kruppstr. 2-4;Haus 13 ;10557;1.605;ja;571;> 60%;1.627.514
30193019;Cecilienstr. 92;Haus 14 ;12683;464;nein;572;30-40%;301.243
30350003;Friedrich-Olbricht-Damm 17;Haus 03 ;13627;1.247;nein;573;30-40%;910.395
30408003;Straßmannstr. 14-16;Haus 03 ;10249;4.436;ja;574;30-40%;1.059.684
30243002;Hauptstr. 8;Haus A/B ;13187;1.833;nein;575;> 60%;955.715
30266002;Pablo-Picasso-Str. 4;Haus 02 ;13057;2.358;nein;576;40-50%;1.619.516
30039004;Fehrbelliner Platz;Haus 04 ;10707;3.750;ja;577;20-30%;1.376.922
30216028;Ruppiner Chaussee 240,268;Halle D 14 ;13503;1.356;ja;578;50-60%;1.260.957
30380001;Arkonastr. 56;Bauteil 1 ;13189;2.243;ja;579;20-30%;982.373
30445002;Breite Str. 30-37;Haus 02 ;10178;3.775;ja;580;40-50%;2.425.942
30408002;Straßmannstr. 14-16;Haus 02 ;10249;2.502;nein;581;> 60%;1.399.582
30195012;Friesenstr. 16;Haus 07 ;10965;1.742;ja;582;40-50%;1.050.353
30426005;Scharfenberg (Insel);Haus 05 ;13505;339;ja;583;50-60%;211.937
30186005;Augustaplatz 7;Haus 15 ;12203;667;ja;584;50-60%;773.102
30441004;Genslerstr. 66 ;Haus 04 ;13055;2.322;ja;585;40-50%;873.073
30397003;Naglerstr. 1-3;Haus C;10245;1.202;ja;586;20-30%;602.487
30250002;Jagowstr. 31;Haus 02 ;10555;543;nein;587;40-50%;515.846
30441002;Genslerstr. 66 ;Haus 02 ;13055;6.161;ja;588;40-50%;2.909.798
30216045;Ruppiner Chaussee 240,268;Haus 16 ;13503;1.848;ja;589;40-50%;714.453
30058001;Rubensstr. 111;Haus 01 ;12157;3.687;nein;590;50-60%;2.761.842
30414001;Gustav-Adolf-Str. 66;Haus 04 ;13086;1.389;nein;591;30-40%;1.458.231
30203001;Koenigsallee 75;Haus 01 ;14193;411;nein;592;> 60%;394.549
30423003;Fritz-Lesch-Str. 35;Haus 01 ;13053;2.190;nein;593;50-60%;1.420.909
30401001;Helmholtzstr. 37;Haus 01 ;12459;8.588;ja;594;30-40%;3.173.719
30276001;Sewanstr. 262;Baracke ;10319;339;nein;595;30-40%;481.190
30216021;Ruppiner Chaussee 240,268;Halle A 05 ;13503;1.645;ja;596;50-60%;1.751.477
30328001;Alt-Lübars 12;Haus 01 ;13469;292;nein;597;> 60%;158.619
30216020;Ruppiner Chaussee 240,268;Halle A 04 ;13503;2.078;ja;598;> 60%;1.747.478
30238001;Friederikestr. 19;Haus 01 ;13505;300;nein;599;50-60%;446.533
30386001;Niederneuendorfer Allee 140-150;Haus 01 ;13587;2.265;nein;600;20-30%;1.604.854
30092001;Littenstr. 12-17;Haus 01 ;10179;47.030;ja;601;20-30%;18.583.784
30161001;Katzengraben 1,1a;Haus 01 ;12555;5.500;ja;602;20-30%;1.162.320
30052002;Mohriner Allee 137;Haus 02 ;12347;513;nein;603;40-50%;766.438
30075013;Turmstr. 21;Haus N ;10559;6.490;ja;604;20-30%;1.710.156
30426002;Scharfenberg (Insel);Haus 02 ;13505;309;ja;605;20-30%;65.314
30106002;Tegeler Weg 17-20;Haus 02 ;10589;4.106;nein;606;40-50%;2.007.401
30397004;Naglerstr. 1-3;Haus D;10245;1.247;ja;607;20-30%;690.461
30408001;Straßmannstr. 14-16;Haus 01 ;10249;1.347;ja;608;20-30%;313.240
30426008;Scharfenberg (Insel);Haus 08 ;13505;888;ja;609;40-50%;609.151
30422001;Fischerstr. 36;Haus 01 ;10317;3.618;ja;610;40-50%;2.108.704
30433002;Kantstr. 11-12 ;Haus 02 ;10623;792;ja;611;40-50%;470.526
30441003;Genslerstr. 66 ;Haus 03 ;13055;3.008;ja;612;40-50%;1.275.619
30216048;Ruppiner Chaussee 240,268;Haus 19 ;13503;677;ja;613;40-50%;721.118
30216007;Ruppiner Chaussee 240,268;Halle 07 ;13503;603;ja;614;50-60%;750.443
30007006;Alt-Friedrichsfelde 60;Haus 06a ;10315;11.502;nein;615;20-30%;8.734.725
30137001;Prinzregentenstr. 32,35;Haus 01 ;10715;7.175;nein;616;10-20%;3.865.512
30405003;Goldbeckweg 8-14;Haus 03 ;13599;1.270;nein;617;50-60%;1.318.273
30146002;Borussiastr. 16,17;Haus 02 ;12103;292;nein;618;> 60%;499.851
30027001;Am Köllnischen Park 3 ;Haus 01 ;10179;14.387;ja;619;20-30%;3.259.027
30079001;Altstädter Ring 7;Haus 01 ;13597;6.901;nein;620;30-40%;2.373.958
30153004;Gravensteinstr. 9, 4-18;Haus 04 ;13127;832;nein;621;> 60%;562.499
30426014;Scharfenberg (Insel);Haus 14 ;13505;429;ja;622;10-20%;91.973
30167001;Müggelseedamm 178;Haus 01 ;12587;1.329;nein;623;40-50%;545.171
30243003;Hauptstr. 8;Haus C ;13187;1.115;nein;624;> 60%;638.476
30349024;Friedrich-Olbricht-Damm 16;Haus Nr. 32 - 34;13627;1.210;ja;625;30-40%;509.181
30270001;Schlierseestr. 10;Haus 01 ;12527;332;nein;626;40-50%;235.930
30237002;Friedenstr. 31-32;Haus 02 ;10249;884;ja;627;20-30%;207.938
30413004;Erich-Weinert-Str. 103;Haus 05 ;10409;2.207;nein;628;20-30%;1.343.599
30102001;Roedeliusplatz 1;Haus 01 ;10365;4.415;ja;629;20-30%;1.403.581
30039001;Fehrbelliner Platz;Haus 01 ;10707;39.690;ja;630;30-40%;14.634.297
30215001;Rudolstädter Str. 79,85;Haus 01 ;10713;4.675;nein;631;20-30%;1.006.366
30244005;Heinrich-Grüber-Str. 35;Haus 05 ;12621;1.883;nein;632;40-50%;478.524
30426009;Scharfenberg (Insel);Haus 09 ;13505;511;ja;633;> 60%;666.468
30250001;Jagowstr. 31;Haus 01 ;10555;4.106;nein;634;40-50%;2.885.805
30097001;Möckernstr. 128-130;Haus 01 ;10963;8.728;ja;635;20-30%;2.793.832
30178001;Stiftsweg 1a;Haus 01 ;13187;1.191;nein;636;20-30%;686.462
30128003;Immenweg 6-10;Haus 03 ;12169;3.033;nein;637;30-40%;2.828.489
30216023;Ruppiner Chaussee 240,268;Halle A 20 ;13503;1.129;ja;638;> 60%;914.394
30395004;Osloer Str. 23-26;Haus 04 ;13359;1.820;nein;639;20-30%;1.155.655
30275001;Semmelweisstr. 83-87;Haus 01 ;12524;956;nein;640;30-40%;495.852
30244004;Heinrich-Grüber-Str. 35;Haus 04 ;12621;1.905;nein;641;20-30%;821.088
30205013;Kruppstr. 2-4;Haus 12 ;10557;902;ja;642;50-60%;985.039
30216047;Ruppiner Chaussee 240,268;Haus 18 ;13503;318;ja;643;40-50%;207.938
30282002;Wendenschloßstr. 348;Haus 02 ;12557;344;nein;644;> 60%;534.507
30386010;Niederneuendorfer Allee 140-150;Haus H ;13587;752;nein;645;20-30%;625.147
30286002;Wilmsstr. 19,20;Haus 02 ;10961;396;nein;646;40-50%;517.179
30039005;Fehrbelliner Platz;Haus 05 ;10707;30.171;ja;647;30-40%;15.336.754
30194004;Charlottenburger Chaussee 67,75;Haus 04 ;13597;4.644;nein;648;30-40%;4.322.709
30278001;Suarezstr. 9-10;Haus 01 ;14057;3.604;nein;649;10-20%;746.444
30156002;Hauptstr. 14;Haus 02 ;13159;334;ja;650;40-50%;145.290
30272001;Schmöckwitzer Damm  60;Haus 01 ;12527;1.022;nein;651;10-20%;190.610
30121002;Cyclopstr. 1-7;Haus 02 ;13469;2.514;nein;652;30-40%;2.555.237
30244003;Heinrich-Grüber-Str. 35;Haus 03 ;12621;2.049;nein;653;20-30%;986.372
30409004;Wrangelstr. 98;Haus 04 ;10997;1.094;nein;654;30-40%;962.379
30250003;Jagowstr. 31;Haus 03 ;10555;362;nein;655;> 60%;477.191
30262001;Neues Ufer 1;Haus 01 ;10553;994;nein;656;50-60%;855.744
30097002;Möckernstr. 128-130;Haus 02 ;10963;16.598;nein;657;20-30%;8.922.669
30423005;Fritz-Lesch-Str. 35;Haus 03 ;13053;2.197;nein;658;50-60%;1.427.574
30050001;Martin-Luther-Str. 105;Haus 01 ;10825;22.331;ja;659;20-30%;9.523.823
30213012;Radelandstr. 21;Haus 09 ;13589;1.936;nein;660;> 60%;905.063
30386008;Niederneuendorfer Allee 140-150;Haus F ;13587;724;nein;661;20-30%;586.492
30207002;Magazinstr. 5;Haus 02 ;10179;1.933;ja;662;40-50%;835.750
30386009;Niederneuendorfer Allee 140-150;Haus G ;13587;751;nein;663;20-30%;623.814
30386004;Niederneuendorfer Allee 140-150;Haus B ;13587;723;nein;664;20-30%;599.821
30075018;Turmstr. 21;Haus S ;10559;1.708;ja;665;40-50%;1.043.688
30350014;Friedrich-Olbricht-Damm 17;Haus D ;13627;2.767;nein;666;30-40%;1.842.117
30386003;Niederneuendorfer Allee 140-150;Haus A ;13587;730;nein;667;20-30%;614.483
30386005;Niederneuendorfer Allee 140-150;Haus C ;13587;724;nein;668;20-30%;601.154
30075016;Turmstr. 21;Haus Q ;10559;467;ja;669;50-60%;195.941
30194005;Charlottenburger Chaussee 67,75;Haus 05 ;13597;1.954;nein;670;10-20%;378.554
30035001;Potsdamer Str. 140;Haus 01 ;10783;8.638;ja;671;10-20%;2.824.490
30349007;Friedrich-Olbricht-Damm 16;Küchengebäude ;13627;4.147;nein;672;30-40%;2.196.677
30244002;Heinrich-Grüber-Str. 35;Haus 02 ;12621;1.909;nein;673;20-30%;846.414
30280001;Triftstr. 8;Haus 01 ;13585;4.258;ja;674;30-40%;1.450.234
30216004;Ruppiner Chaussee 240,268;Halle 04 ;13503;642;ja;675;> 60%;639.809
30190001;Berliner Str. 35;Haus 01 ;13507;3.910;ja;676;30-40%;1.459.564
30274001;Segelfliegerdamm 42;Haus 01 ;12487;2.160;nein;677;30-40%;1.143.659
30423004;Fritz-Lesch-Str. 35;Haus 02 ;13053;2.217;nein;678;50-60%;1.411.579
30199003;Grünauer Str. 140;Haus 03 ;12557;4.703;nein;679;40-50%;3.012.434
30213004;Radelandstr. 21;Haus 04 ;13589;790;nein;680;40-50%;377.221
30365001;Osloer Str. 102 ;Haus 01 ;13359;3.475;ja;681;40-50%;2.146.026
30244008;Heinrich-Grüber-Str. 35;Haus 08 ;12621;442;nein;682;> 60%;670.466
30349022;Friedrich-Olbricht-Damm 16;Haus Nr. 24 - 26;13627;883;ja;683;30-40%;355.894
30216019;Ruppiner Chaussee 240,268;Halle A 01 ;13503;985;ja;684;50-60%;1.170.317
30003001;Oranienstr. 106;Haus 01 ;10969;27.501;ja;685;20-30%;11.733.830
30211001;Pionierstr. 160,204;Haus 01 ;13589;781;nein;686;> 60%;515.846
30030001;Belziger Str. 52-58;Haus 01 ;10823;852;ja;687;30-40%;317.239
30325001;Hartmannsweilerweg 63;Haus 01 ;14163;3.678;nein;688;40-50%;2.753.844
30392001;Rheinsberger Str. 4-5;Haus 01 ;10115;1.112;ja;689;40-50%;582.493
30075012;Turmstr. 21;Haus M1 ;10559;1.041;ja;690;20-30%;250.592
30199004;Grünauer Str. 140;Haus 04 ;12557;1.372;nein;691;40-50%;1.023.694
30393002;Persiusstr. 7-9;Haus 02 ;10245;324;nein;692;20-30%;469.193
30419001;Schillerstr. 120;Haus 01 ;10625;10.439;nein;693;10-20%;3.396.319
30001001;Jüdenstr. 1;Haus 01 ;10178;28.291;ja;694;20-30%;18.043.946
30392004;Rheinsberger Str. 4-5;Haus 04 ;10115;304;nein;695;> 60%;413.210
30076001;Max-Brunnow-Str. 4;Haus 01 ;10369;2.573;nein;696;30-40%;1.718.154
30164001;Linienstr. 128-129;Haus 01 ;10115;1.618;ja;697;30-40%;539.839
30199001;Grünauer Str. 140;Haus 01 ;12557;1.521;nein;698;50-60%;1.135.661
30391002;Allee der Kosmonauten 18;Haus 02 ;10315;3.475;nein;699;10-20%;1.224.968
30349006;Friedrich-Olbricht-Damm 16;Werkstattgebäude ;13627;2.250;nein;700;40-50%;2.896.468
30213005;Radelandstr. 21;Haus 05 ;13589;10.436;nein;701;> 60%;5.270.426
30193017;Cecilienstr. 92;Haus 13 ;12683;1.101;nein;702;50-60%;777.101
30159001;Hellersdorfer Str. 143-147;Haus 01 ;12619;1.492;nein;703;20-30%;1.238.297
30386006;Niederneuendorfer Allee 140-150;Haus D ;13587;727;nein;704;20-30%;602.487
30004001;Storkower Str. 134;Haus 01 ;10407;18.629;nein;705;30-40%;10.767.452
30216003;Ruppiner Chaussee 240,268;Halle 03 ;13503;731;ja;706;30-40%;249.259
30386007;Niederneuendorfer Allee 140-150;Haus E ;13587;727;nein;707;20-30%;594.489
30349018;Friedrich-Olbricht-Damm 16;Haus Nr. 8 - 10;13627;850;ja;708;30-40%;342.564
30349010;Friedrich-Olbricht-Damm 16;Wäscherei ;13627;3.585;nein;709;40-50%;3.432.308
30075001;Turmstr. 21;Haus A ;10559;20.962;ja;710;10-20%;6.359.434
30193007;Cecilienstr. 92;Haus 06 ;12683;866;nein;711;30-40%;1.035.691
30400003;Birkenstr. 11;Haus 03 ;12559;943;nein;712;20-30%;557.167
30153002;Gravensteinstr. 9, 4-18;Haus 02 ;13127;1.131;nein;713;30-40%;1.218.303
30199002;Grünauer Str. 140;Haus 02 ;12557;4.433;nein;714;30-40%;2.729.852
30174001;Romain-Rolland-Str. 103,105,107;Haus 01 ;13089;1.082;nein;715;20-30%;1.011.698
30432003;Marzahner Chaussee 231;Haus 03 ;12681;1.183;nein;716;20-30%;1.811.459
30447003;Britzer Str. 5 ;Baracke 2 ;12439;990;ja;717;50-60%;419.875
30385003;Robert-von-Ostertag-Str. 2;Haus 03 ;14163;1.062;nein;718;50-60%;645.141
30240003;Betckestr. 13;Haus 03 ;13595;601;nein;719;50-60%;515.846
30398002;Hartmannsweilerweg 29;Haus 02 ;14163;1.535;nein;720;40-50%;1.967.413
30193008;Cecilienstr. 92;Haus 07 ;12683;1.689;nein;721;30-40%;2.135.362
30149001;"Ferdinand-Schultze-Str. 128,
130,132";Haus 01 ;13055;1.494;nein;722;20-30%;1.315.607
30187004;Baumschulenstr. 1;Haus 04 ;12437;277;nein;723;50-60%;307.908
30193022;Cecilienstr. 92;Haus 18 ;12683;271;nein;724;50-60%;221.267
30422003;Fischerstr. 36;Haus 01 ;10317;16.436;ja;725;50-60%;12.187.028
30051001;Mehringdamm 22;Haus 01 ;10961;9.416;ja;726;20-30%;3.764.209
30349019;Friedrich-Olbricht-Damm 16;Haus Nr. 12 - 14;13627;839;ja;727;30-40%;338.566
30108002;Turmstr. 91;Haus 02;10559;1.839;ja;728;30-40%;737.113
30351010;Friedrich-Olbricht-Damm 40;Shedhalle ;13627;2.428;nein;729;> 60%;1.914.095
30349020;Friedrich-Olbricht-Damm 16;Haus Nr. 18 ;13627;842;ja;730;30-40%;353.228
30397001;Naglerstr. 1-3;Haus A;10245;892;ja;731;20-30%;327.902
30126003;Haarlemer Str. 27;Haus 03 ;12359;729;nein;732;20-30%;706.456
30102002;Roedeliusplatz 1;Haus 02 ;10365;5.004;ja;733;10-20%;1.836.785
30154001;Groß-Berliner Damm 18;Haus 01 ;12487;7.068;nein;734;10-20%;1.479.558
30447002;Britzer Str. 5 ;Baracke 1 ;12439;675;ja;735;50-60%;294.579
30075004;Turmstr. 21;Haus D ;10559;3.157;ja;736;40-50%;1.097.006
30401002;Helmholtzstr. 37;Haus 02 ;12459;5.635;nein;737;20-30%;3.802.865
30349021;Friedrich-Olbricht-Damm 16;Haus Nr. 20 - 22;13627;872;ja;738;30-40%;345.230
30193012;Cecilienstr. 92;Haus 09 ;12683;10.828;nein;739;10-20%;2.135.362
30384002;Kiefheider Weg 72;Haus 02 ;13508;1.785;nein;740;30-40%;1.027.693
30067001;Seelenbinderstr. 99;Haus 01 ;12555;11.681;ja;741;20-30%;4.397.354
30209002;Moritzstr. 10;Haus 01b ;13597;2.579;nein;742;> 60%;2.397.951
30385002;Robert-von-Ostertag-Str. 2;Haus 02;14163;423;nein;743;30-40%;611.817
30349023;Friedrich-Olbricht-Damm 16;Haus Nr. 28 - 30;13627;1.215;ja;744;30-40%;499.851
30173001;Roedernallee 55;Haus 01 ;13437;2.647;nein;745;> 60%;1.874.107
30266005;Pablo-Picasso-Str. 4;Haus 05 ;13057;990;nein;746;50-60%;1.662.170
30166001;Märkische Allee 181, 189;Haus 01 ;12681;6.663;nein;747;20-30%;3.909.499
30077002;Alt-Moabit 5;Haus 02 ;10559;2.237;nein;748;40-50%;1.318.273
30441006;Genslerstr. 66 ;Haus 06 ;13055;485;ja;749;40-50%;494.519
30208001;Mertensstr. 140;Haus 01 ;13587;894;nein;750;20-30%;203.939
30063001;Sarrazinstr. 4;Haus 01 ;12159;5.523;nein;751;20-30%;1.186.312
30126004;Haarlemer Str. 27;Haus 04 ;12359;1.361;nein;752;30-40%;2.022.063
30047001;Hanna-Renate-Laurien-Platz 1;Haus 01 ;12247;5.018;ja;753;30-40%;1.246.295
30254001;Kladower Damm 367;Haus 01 ;14089;1.201;nein;754;30-40%;579.827
30205012;Kruppstr. 2-4;Haus 11 ;10557;5.115;ja;755;40-50%;2.413.946
30216017;Ruppiner Chaussee 240,268;Halle 17 ;13503;605;ja;756;50-60%;634.477
30007008;Alt-Friedrichsfelde 60;Haus 06c ;10315;1.224;nein;757;20-30%;1.119.666
30447001;Britzer Str. 5 ;Baracke 3 ;12439;654;ja;758;> 60%;618.482
30193011;Cecilienstr. 92;Haus 08 ;12683;790;nein;759;20-30%;475.858
30349009;Friedrich-Olbricht-Damm 16;Personalrat ;13627;1.204;ja;760;40-50%;441.202
30183001;Alt-Biesdorf 33;Haus 01 ;12683;1.653;nein;761;40-50%;835.750
30447006;Britzer Str. 5 ;Baracke 6 ;12439;599;ja;762;> 60%;673.132
30447004;Britzer Str. 5 ;Baracke 4 ;12439;656;ja;763;> 60%;630.478
30447005;Britzer Str. 5 ;Baracke 5 ;12439;613;ja;764;> 60%;690.461
30260001;Marktstr. 13;Haus 01 ;10317;2.171;ja;765;40-50%;795.762
30422004;Fischerstr. 36;Haus 03 ;10317;3.029;ja;766;50-60%;1.454.232
30249001;Invalidenstr. 57,58;Haus 01 ;10557;4.549;nein;767;50-60%;3.099.075
30216010;Ruppiner Chaussee 240,268;Halle 10 ;13503;602;ja;768;> 60%;874.406
30007003;Alt-Friedrichsfelde 60;Haus 03 ;10315;11.065;nein;769;20-30%;8.713.398
30224001;Alt-Karow 10,11;Haus 01 ;13125;1.580;ja;770;10-20%;338.566
30212001;Poelchaustr. 1;Haus 01 ;12681;4.776;nein;771;30-40%;2.789.834
30249002;Invalidenstr. 57,58;Haus 02 ;10557;4.629;nein;772;50-60%;3.309.678
30274002;Segelfliegerdamm 42;Haus 02 ;12487;798;nein;773;50-60%;903.730
30189001;Berliner Allee 210;Haus 01 ;13088;7.297;nein;774;40-50%;3.774.873
30216009;Ruppiner Chaussee 240,268;Halle 09 ;13503;452;ja;775;50-60%;487.854
30212002;Poelchaustr. 1;Haus 02 ;12681;2.363;nein;776;40-50%;1.683.497
30423006;Fritz-Lesch-Str. 35;Haus 04 ;13053;2.238;nein;777;20-30%;1.065.015
30216016;Ruppiner Chaussee 240,268;Halle 16 ;13503;294;ja;778;40-50%;318.572
30007016;Alt-Friedrichsfelde 60;Haus 14 ;10315;779;nein;779;10-20%;150.622
30033001;Brodauer Str. 16-22;Haus 01 ;12621;1.865;nein;780;30-40%;1.400.915
30216001;Ruppiner Chaussee 240,268;Halle 01 ;13503;358;ja;781;50-60%;461.196
30187001;Baumschulenstr. 1;Haus 01 ;12437;1.113;nein;782;20-30%;1.451.567
30349005;Friedrich-Olbricht-Damm 16;Pforte I ;13627;466;ja;783;30-40%;186.611
30030002;Belziger Str. 52-58;Haus 02 ;10823;10.466;ja;784;40-50%;4.533.313
30075017;Turmstr. 21;Haus R ;10559;1.884;ja;785;50-60%;738.446
30384001;Kiefheider Weg 72;Haus 01 ;13508;1.390;nein;786;30-40%;813.091
30195013;Friesenstr. 16;Haus 07a ;10965;309;ja;787;20-30%;110.634
30216013;Ruppiner Chaussee 240,268;Halle 13 ;13503;445;ja;788;50-60%;479.857
30216011;Ruppiner Chaussee 240,268;Halle 11 ;13503;937;ja;789;50-60%;1.210.305
30005002;Albrecht-Achilles-Str. 61 - 64;Haus 02 ;10709;10.678;ja;790;10-20%;2.484.591
30191001;Brunnenstr. 175;Haus 01 ;10119;6.153;nein;791;40-50%;3.116.403
30216008;Ruppiner Chaussee 240,268;Halle 08 ;13503;443;ja;792;50-60%;469.193
30216018;Ruppiner Chaussee 240,268;Halle 18 ;13503;456;ja;793;50-60%;490.520
30426010;Scharfenberg (Insel);Haus 10 ;13505;421;ja;794;40-50%;334.567
30351008;Friedrich-Olbricht-Damm 40;Turnhalle ;13627;460;nein;795;40-50%;651.805
30349015;Friedrich-Olbricht-Damm 16;Haus 04 ;13627;2.882;nein;796;20-30%;1.624.848
30349004;Friedrich-Olbricht-Damm 16;AGST I a ;13627;903;ja;797;30-40%;271.919
30172002;Reinickendorfer Str. 15a-15c;Haus 02 ;13347;420;nein;798;> 60%;503.850
30143002;Alt-Biesdorf 58;Haus 02 ;12683;428;nein;799;> 60%;367.890
30351014;Friedrich-Olbricht-Damm 40;Gärtnerei ;13627;661;nein;800;40-50%;763.772
30211005;Pionierstr. 160,204;Haus 04 ;13589;381;nein;801;> 60%;285.248
30193025;Cecilienstr. 92;Haus 20 ;12683;263;nein;802;50-60%;195.941
30437003;Schumannstr. 11-14 A ;Haus 03 ;10117;2.972;ja;803;20-30%;638.476
30117001;Nauener Str. 13;Haus 01 ;13581;856;nein;804;50-60%;1.111.668
30426017;Scharfenberg (Insel);Haus 17 ;13505;478;ja;805;40-50%;394.549
30216044;Ruppiner Chaussee 240,268;Haus 15 ;13503;1.199;ja;806;40-50%;442.535
30422002;Fischerstr. 36;Haus 02 ;10317;986;ja;807;50-60%;1.176.982
30435001;Pariser Platz 8 ;Brandenburger Tor;10709;1.816;ja;808;10-20%;365.224
30426023;Scharfenberg (Insel);Haus 23 ;13505;604;ja;809;40-50%;195.941
30264002;Oderberger Str. 24,25;Haus 02 ;10435;328;ja;810;40-50%;215.936
30445009;Breite Str. 30-37;Haus 08;10178;1.700;ja;811;40-50%;814.423
30251002;Josef-Orlopp-Str. 69;Haus 02 ;10365;607;nein;812;50-60%;793.097
30143001;Alt-Biesdorf 58;Haus 01 ;12683;395;ja;813;30-40%;158.619
30235001;Edinburger Str. 7;Haus 01 ;13349;3.923;ja;814;20-30%;1.073.013
30193024;Cecilienstr. 92;Haus 19 ;12683;898;nein;815;40-50%;811.758
30193021;Cecilienstr. 92;Haus 17 ;12683;1.051;nein;816;50-60%;518.512
30175001;Johannisthaler Chaussee 222;Haus 01 ;12351;2.685;nein;817;20-30%;2.120.700
30240002;Betckestr. 13;Haus 02 ;13595;259;nein;818;> 60%;349.229
30426012;Scharfenberg (Insel);Haus 12 ;13505;434;ja;819;40-50%;290.580
30172001;Reinickendorfer Str. 15a-15c;Haus 01 ;13347;4.625;nein;820;20-30%;2.768.507
30007020;Alt-Friedrichsfelde 60;Haus 18 ;10315;7.436;nein;821;30-40%;4.594.628
30467006;Zum Heckeshorn 30;Haus D ;14109;9.373;nein;822;50-60%;4.877.210
30467005;Zum Heckeshorn 30;Haus C ;14109;7.761;nein;823;50-60%;3.976.146
30426011;Scharfenberg (Insel);Haus 11 ;13505;447;ja;824;40-50%;383.885
30193015;Cecilienstr. 92;Haus 11 ;12683;9.393;nein;825;40-50%;5.346.404
30213006;Radelandstr. 21;Haus 06 ;13589;2.256;nein;826;30-40%;2.724.520
30426013;Scharfenberg (Insel);Haus 13 ;13505;431;ja;827;40-50%;398.548
30196003;Gallwitzallee 87,95;Haus 03 ;12249;461;nein;828;> 60%;743.778
30179002;Voltairestr. 2;Haus 02 ;10179;1.007;nein;829;50-60%;875.739
30173002;Roedernallee 55;Haus 02 ;13437;280;nein;830;> 60%;426.539
30268001;Paulsternstr. 34;Haus 01 ;13629;881;nein;831;20-30%;514.513
30007019;Alt-Friedrichsfelde 60;Haus 17 ;10315;4.258;nein;832;30-40%;3.320.342
30219001;Wassersportallee 56,58;Haus 01 ;12527;2.397;nein;833;40-50%;1.510.216
30467007;Zum Heckeshorn 30;Haus E ;14109;4.713;nein;834;40-50%;2.785.835
30426016;Scharfenberg (Insel);Haus 16 ;13505;464;ja;835;30-40%;359.893
30258001;Kummerower Ring 80;Haus 01 ;12619;1.847;nein;836;10-20%;1.566.199
30207003;Magazinstr. 5;Haus 03 ;10179;1.236;ja;837;50-60%;1.006.366
30007009;Alt-Friedrichsfelde 60;Haus 07 ;10315;822;nein;838;40-50%;729.116
30467013;Zum Heckeshorn 30;Haus F ;14109;2.485;nein;839;> 60%;1.436.904
30400005;Birkenstr. 11;Haus 05 ;12559;1.606;nein;840;20-30%;1.018.363
30474001;Bundesallee 171;Haus 01 ;10715;19.200;nein;841;50-60%;9.245.239
30192003;Bulgarische Str. 55;Haus 03 ;12435;315;nein;842;50-60%;267.920
30400004;Birkenstr. 11;Haus 04 ;12559;328;nein;843;50-60%;247.926
30212003;Poelchaustr. 1;Haus 03 ;12681;1.425;nein;844;30-40%;1.150.323
30193006;Cecilienstr. 92;Haus 05 ;12683;5.330;nein;845;50-60%;3.992.141
30267001;Parkstr. 38-39;Haus 01 ;13086;4.131;ja;846;30-40%;1.120.999
30495001;Staakener Str. 79;Haus 01 ;13583;1.856;nein;847;50-60%;1.444.902
30168007;Nikolaus-Groß-Weg 2;Haus 07 ;13627;5.411;nein;848;30-40%;2.833.821
30480004;Otto-Braun-Str. 70-72;BT D ;10178;13.526;nein;849;50-60%;7.069.889
30480001;Otto-Braun-Str. 70-72;BT A ;10178;10.596;nein;850;50-60%;5.656.978
30503001;Derfflinger Str. 7,8;Haus 01;10785;14.066;nein;851;40-50%;7.653.715
30276002;Sewanstr. 262;Garage ;10319;631;nein;852;50-60%;813.091
30496002;Kirchhainer Damm 74;Haus 02 ;12309;2.989;nein;853;50-60%;1.648.841
30193029;Cecilienstr. 92;Haus 24 ;12683;268;nein;854;> 60%;390.550
30462017;Seidelstr. 39 ;30.0;13507;4.619;nein;855;20-30%;1.095.673
30189002;Berliner Allee 210;Haus 02 ;13088;278;nein;856;50-60%;246.593
30216030;Ruppiner Chaussee 240,268;Haus 01 M ;13503;533;ja;857;40-50%;171.949
30441005;Genslerstr. 66 ;Haus 05 ;13055;843;ja;858;30-40%;522.511
30208005;Mertensstr. 140;Haus 05 ;13587;348;nein;859;> 60%;258.589
30496004;Kirchhainer Damm 74;Haus 04 ;12309;2.148;nein;860;40-50%;1.239.630
30228002;Berliner Str. 16;Haus 02 ;13507;425;nein;861;> 60%;438.536
30462040;Seidelstr. 39 ;29.0;13507;2.598;nein;862;20-30%;694.459
30493002;"Carola-Neher-Str. 65 / 
Maxie-Wander-Str. 78";Haus 02 ;12619;3.644;nein;863;20-30%;1.752.810
30245003;Idastr. 6;Haus 03 ;13156;457;nein;864;30-40%;577.161
30216031;Ruppiner Chaussee 240,268;Haus 01 R ;13503;578;ja;865;40-50%;225.266
30496001;Kirchhainer Damm 74;Haus 01 ;12309;1.471;nein;866;50-60%;943.718
30480002;Otto-Braun-Str. 70-72;BT B ;10178;7.211;nein;867;50-60%;4.366.696
30220003;Wedekindstr. 10;Haus 03 ;10243;3.595;ja;868;40-50%;1.242.296
30496003;Kirchhainer Damm 74;Haus 03 ;12309;707;nein;869;> 60%;510.514
30480003;Otto-Braun-Str. 70-72;BT C ;10178;7.055;nein;870;50-60%;4.376.027
30157001;Hausvaterweg 16;Haus 01 ;13057;1.607;nein;871;20-30%;1.380.921
30242002;Hadlichstr. 37;Haus 02 ;13187;711;nein;872;30-40%;966.378
30220004;Wedekindstr. 10;Haus 04 ;10243;2.826;ja;873;40-50%;994.370
30168006;Nikolaus-Groß-Weg 2;Haus 06 ;13627;2.683;nein;874;20-30%;570.496
30007018;Alt-Friedrichsfelde 60;Haus 16 ;10315;2.713;nein;875;40-50%;3.378.991
30467003;Zum Heckeshorn 30;Haus U ;14109;1.852;nein;876;40-50%;1.356.928
30467004;Zum Heckeshorn 30;Haus V ;14109;1.689;nein;877;40-50%;1.256.958
30477011;WRD Feuerwehr SILB;30304 - Haus 01;14129;263;nein;878;> 60%;194.609
30494001;Alt-Moabit 82 B;Haus 01 ;10555;2.938;nein;879;20-30%;1.089.008
30455002;Turmstr. 86;Haus 02 ;10559;1.186;ja;880;40-50%;474.525
30176001;Schieritzstr. 24,26;Haus 01 ;10409;1.077;nein;881;10-20%;941.052
30455001;Turmstr. 86;Haus 01 ;10559;5.944;ja;882;30-40%;2.130.031
30454007;Ernst-Stargardt-Allee 1 ;Haus 07 ;14979;11.917;nein;883;10-20%;4.705.262
30192002;Bulgarische Str. 55;Haus 02 ;12435;274;nein;884;40-50%;391.883
30360001;Gendarmenmarkt 1-2;Haus 01 ;10117;6.158;ja;885;10-20%;1.148.990
30474003;Bundesallee 171;Haus 03 ;10715;2.211;nein;886;50-60%;1.274.286
30211006;Pionierstr. 160,204;Haus ABC ;13589;398;nein;887;> 60%;309.241
30472003;Fröbelstr. 17;Haus 04 ;10405;1.995;ja;888;30-40%;533.174
30461021;Alt-Moabit 12a ;Haus 21;10559;431;nein;889;10-20%;83.975
30212004;Poelchaustr. 1;Haus 04 ;12681;1.419;nein;890;20-30%;1.776.803
30405005;Goldbeckweg 8-14;Haus 05 ;13599;282;nein;891;30-40%;129.295
30488003;Wolfgang-Heinz-Str. 45 A-G;Haus 03 ;13125;5.752;nein;892;10-20%;1.639.510
30356002;Müllerstr. 147;Haus 02 ;13353;389;ja;893;10-20%;75.977
30490002;"Paul-Schwenk-Str. 3,5,7,9,
11,13,15";Haus 02 ;12685;5.752;nein;894;10-20%;1.639.510
30493001;"Carola-Neher-Str. 65 / 
Maxie-Wander-Str. 78";Haus 01 ;12619;3.678;nein;895;10-20%;2.360.628
30454001;Ernst-Stargardt-Allee 1 ;Haus 01 ;14979;6.315;nein;896;10-20%;1.778.136
30454003;Ernst-Stargardt-Allee 1 ;Haus 03 ;14979;6.315;nein;897;10-20%;1.778.136
30454002;Ernst-Stargardt-Allee 1 ;Haus 02 ;14979;6.315;nein;898;10-20%;1.778.136
30419002;Schillerstr. 120;Haus 02 ;10625;3.336;nein;899;20-30%;1.591.525
30503003;Derfflinger Str. 7,8;Haus 03;10785;884;ja;900;40-50%;325.236
30194070;Charlottenburger Chaussee 67,75;Haus 25 ;13597;2.395;nein;901;10-20%;461.196
30454009;Ernst-Stargardt-Allee 1 ;Haus 09 ;14979;2.854;nein;902;10-20%;679.797
30454004;Ernst-Stargardt-Allee 1 ;Haus 04 ;14979;2.564;nein;903;10-20%;519.845
30027002;Am Köllnischen Park 3 ;Haus 02 ;10179;4.970;nein;904;50-60%;2.697.861
30454008;Ernst-Stargardt-Allee 1 ;Haus 08 ;14979;2.368;nein;905;10-20%;497.185
30194072;Charlottenburger Chaussee 67,75;Haus 26 ;13597;1.972;nein;906;10-20%;377.221
30437005;Schumannstr. 11-14 A ;Haus 05 ;10117;4.126;ja;907;20-30%;1.414.244
30216067;Ruppiner Chaussee 240,268;Haus 20 ;13503;824;nein;908;20-30%;206.605
30491003;"Wittenberger Str. 16, 16 A-C, 
18, 18 A-B";Haus 03 ;12689;4.308;nein;909;10-20%;1.256.958
30491002;"Wittenberger Str. 16, 16 A-C, 
18, 18 A-B";Haus 02 ;12689;4.308;nein;910;10-20%;1.256.958
30489003;Wartenberger Str. 120, 120 A-F;Haus 03 ;13053;4.308;nein;911;10-20%;1.256.958
30489002;Wartenberger Str. 120, 120 A-F;Haus 02 ;13053;4.308;nein;912;10-20%;1.256.958
30007017;Alt-Friedrichsfelde 60;Haus 15 ;10315;379;nein;913;20-30%;447.866
30485002;"Albert-Kuntz-Str. 61,63,65,67,
69,71,73";Haus 02 ;12627;4.308;nein;914;10-20%;1.439.570
30485003;"Albert-Kuntz-Str. 61,63,65,67,
69,71,73";Haus 03 ;12627;4.308;nein;915;10-20%;1.439.570
30454006;Ernst-Stargardt-Allee 1 ;Haus 06 ;14979;1.616;nein;916;10-20%;362.558
30487003;Rudolf-Leonhard-Str. 13, 13 A-F;Haus 03 ;12679;4.308;nein;917;10-20%;1.256.958
30487002;Rudolf-Leonhard-Str. 13, 13 A-F;Haus 02 ;12679;4.308;nein;918;10-20%;1.256.958
30145001;Blenheimstr. 65,67;Haus 01 ;12685;1.049;ja;919;10-20%;691.793
30483002;Leonorenstr. 33 B;MUF 02 - 33 C-E;12247;3.453;nein;920;10-20%;1.009.032
30483003;Leonorenstr. 33 B;MUF 03 - 33 F-H;12247;3.453;nein;921;10-20%;1.009.032
30454010;Ernst-Stargardt-Allee 1 ;Haus 10 ;14979;1.456;nein;922;10-20%;438.536
30499001;Klosterstr. 71;Haus 01 ;10179;4.982;nein;923;20-30%;2.236.665
30497001;Storkower Str. 139 C;Haus 01 ;10407;5.283;nein;924;20-30%;3.308.345
30450001;Gatower Str. 333;Haus 01 ;14089;844;nein;925;10-20%;187.944
30488002;Wolfgang-Heinz-Str. 45 A-G;Haus 02 ;13125;2.875;nein;926;10-20%;875.739
30454005;Ernst-Stargardt-Allee 1 ;Haus 05 ;14979;1.832;nein;927;10-20%;499.851
30490003;"Paul-Schwenk-Str. 3,5,7,9,
11,13,15";Haus 03 ;12685;2.875;nein;928;10-20%;875.739
30331001;Turmstr. 22;Bauteil C ;10559;5.961;ja;929;10-20%;1.268.954
30194073;Charlottenburger Chaussee 67,75;Haus 27 ;13597;6.348;nein;930;10-20%;2.668.537
30197002;Gothaer Str. 19;Neubau ;10823;4.235;ja;931;20-30%;1.360.927
30496005;Kirchhainer Damm 74;Haus 05 ;12309;412;nein;932;50-60%;458.530
30448006;Parkaue 23-29 ;Haus 02 ;10367;2.450;ja;933;> 60%;1.390.252
30208006;Mertensstr. 140;Haus 06 ;13587;290;nein;934;> 60%;394.549
30483004;Leonorenstr. 33 B;MUF 04 - 33 K-L;12247;1.734;nein;935;10-20%;531.841
30484001;Poststr. 13,14;Haus 01 ;10178;3.930;ja;936;20-30%;801.094
30216002;Ruppiner Chaussee 240,268;Halle 02 ;13503;383;ja;937;50-60%;402.546
30477001;WRD Feuerwehr SILB;30226 - Haus 01;12589;343;nein;938;10-20%;79.976
30485001;"Albert-Kuntz-Str. 61,63,65,67,
69,71,73";Haus 01 ;12627;648;nein;939;10-20%;221.267
30423007;Fritz-Lesch-Str. 35;Haus 05 ;13053;6.621;nein;940;20-30%;1.772.804
30491001;"Wittenberger Str. 16, 16 A-C, 
18, 18 A-B";Haus 01 ;12689;576;nein;941;10-20%;183.945
30490001;"Paul-Schwenk-Str. 3,5,7,9,
11,13,15";Haus 01 ;12685;576;nein;942;10-20%;183.945
30487001;Rudolf-Leonhard-Str. 13, 13 A-F;Haus 01 ;12679;576;nein;943;10-20%;183.945
30387001;Pasewalker Str. 120;Haus 01 ;13127;1.533;nein;944;10-20%;318.572
30483001;Leonorenstr. 33 B;MUF 01 - 33 B;12247;648;nein;945;10-20%;222.600
30489001;Wartenberger Str. 120, 120 A-F;Haus 01 ;13053;648;nein;946;10-20%;222.600
30488001;Wolfgang-Heinz-Str. 45 A-G;Haus 01 ;13125;648;nein;947;10-20%;222.600
30413006;Erich-Weinert-Str. 103;Haus 04 ;10409;2.765;nein;948;10-20%;683.796
30358009;Königin-Luise-Str. 49;Haus 09;14195;482;ja;949;40-50%;201.273
30474002;Bundesallee 171;Haus 02 ;10715;8.997;nein;950;20-30%;4.878.543
30423008;Fritz-Lesch-Str. 35;Haus 06 ;13053;2.242;nein;951;10-20%;501.184
30486002;Kiefholzstr. 71, 71 A-C;Haus 02 ;12435;4.308;nein;952;20-30%;1.500.885
30358002;Königin-Luise-Str. 49;Haus 02;14195;1.410;ja;953;40-50%;561.166
30358004;Königin-Luise-Str. 49;Haus 04;14195;315;ja;954;40-50%;146.623
30099002;Parkstr. 71;Haus 02 ;13086;1.380;nein;955;> 60%;1.074.346
30412005;Driesener Str. 22;Haus 05 ;10439;2.210;nein;956;20-30%;935.721
30396003;Niederwallstr. 6,7;Haus 03 ;10117;1.395;ja;957;10-20%;259.922
30105001;Schönstedtstr. 17;Haus 01 ;12043;2.440;ja;958;20-30%;1.117.000
30486001;Kiefholzstr. 71, 71 A-C;Haus 01 ;12435;339;nein;959;20-30%;126.629
30464002;Pfalzburger Str. 30;Haus 02 ;10719;3.130;nein;960;10-20%;898.398
30253001;Karlstr. 8;Haus 01 ;12557;2.963;nein;961;20-30%;1.743.479
30503002;Derfflinger Str. 7,8;Haus 02;10785;1.711;nein;962;40-50%;1.819.457
30132002;Loschmidtstr. 19;Haus 02 ;10587;614;nein;963;20-30%;242.594
30133005;Nonnendammallee 140-143;Haus 05 ;13599;519;nein;964;40-50%;761.106
30500002;Josef-Orlopp-Str. 62;Haus 03 ;10365;6.323;nein;965;20-30%;3.303.014
30482001;Ferdinand-Schultze-Str. 55;Haus 01 ;13055;6.880;nein;966;20-30%;4.424.012
30411007;Kniprodestr. 27;Haus 07 ;10407;3.918;nein;967;40-50%;3.133.731
30502009;Teltower Damm 87-101;Bauteil C4 ;14167;3.699;nein;968;40-50%;1.382.254
30007005;Alt-Friedrichsfelde 60;Haus 05 ;10315;2.768;nein;969;20-30%;1.807.460
30500001;Josef-Orlopp-Str. 62;Haus 01 ;10365;4.883;nein;970;20-30%;2.755.177
30477017;WRD Feuerwehr SILB;30314 - Haus 01;12527;375;nein;971;20-30%;295.912
30477015;WRD Feuerwehr SILB;30312 - Haus 01;12527;371;nein;972;20-30%;293.246
30267002;Parkstr. 38-39;Haus 02 ;13086;2.322;ja;973;10-20%;2.136.695
30502008;Teltower Damm 87-101;Bauteil B3 ;14167;6.940;nein;974;50-60%;4.739.918
30502005;Teltower Damm 87-101;Bauteil A8 ;14167;6.371;nein;975;50-60%;4.173.421
30041003;Friedrich-Krause-Ufer 24,25;Haus 03 ;13353;1.000;nein;976;20-30%;1.224.968
30502002;Teltower Damm 87-101;Bauteil A2 ;14167;4.873;nein;977;50-60%;3.177.718
30093003;Mandrellaplatz 6;Haus 03 ;14057;2.041;ja;978;30-40%;1.099.672
30502007;Teltower Damm 87-101;Bauteil B2 ;14167;3.811;nein;979;50-60%;2.837.819
30502001;Teltower Damm 87-101;Bauteil A1 ;14167;3.805;nein;980;50-60%;3.005.769
30502003;Teltower Damm 87-101;Bauteil A3 ;14167;3.725;nein;981;50-60%;2.687.198
30502006;Teltower Damm 87-101;Bauteil B1 ;14167;2.162;nein;982;50-60%;1.602.188
30502010;Teltower Damm 87-101;Haus Reill ;14167;271;ja;983;30-40%;121.297
30234001;Edelweißstr. 35;Haus 01 ;13158;491;nein;984;10-20%;561.166
30482002;Ferdinand-Schultze-Str. 55;Haus 02 ;13055;404;nein;985;20-30%;518.512
30502004;Teltower Damm 87-101;Bauteil A4 ;14167;1.231;nein;986;40-50%;1.435.571
;;;;4.301.461;;;35-40%;2.197.000.000
"Mit einer umfänglichen energetischen Gebäudesanierung können nach aktuellem Kenntnisstand Endenergieeinsparungen im Bereich von 35-40% erzielt werden (aktuelle Einsparprognose). Somit kann das mit der Sanierung verbundene Einsparziel in seiner Höhe auch als realistische Vorgabe angesehen werden.
Grundlage für die Erreichung der angegebenen Einspargrößenordnung ist eine (deutliche) Unterschreitung der EnEV-Anforderungen um ca. 30 %, die zum Zeitpunkt der Veröffentlichung des Sanierungsfahrplans (Dezember 2019) gültig waren. Das GEG hat u.a. die EnEV im November 2020 abgelöst. Durch die Novellierung des EWG Bln wurden ambitionierte Energiestandards für öffentliche Gebäude vorgegeben, d.h. die deutlich über die Vorschriften des GEG hinausgehen. Die neue Gesetzesfassung des EWG Bln ist seit September 2021 in Kraft. 
Einschränkungen des Denkmalschutzes wurden bei den Berechnungen bereits berücksichtigt.
Gegenüber dem Stand der Veröffentlichung des Sanierungsfahrplans berücksichtigt die Grobkostenschätzung nun auch Planungskosten von 25% sowie Baukostensteigerungen von insgesamt rund 10%.
";;;;;;;;